{
  "type": "FeatureCollection",
  "features": [
    {
      "type": "Feature",
      "geometry": {
        "type": "LineString",
        "coordinates": [
          [
            104.42114612647975,
            34.549823135459455
          ],
          [
            8.730994955067823,
            51.72233561483671
          ]
        ]
      },
      "properties": {
        "source": "N0000",
        "target": "N0045",
        "trade_volume_usd_m": 41.12
      }
    },
    {
      "type": "Feature",
      "geometry": {
        "type": "LineString",
        "coordinates": [
          [
            104.42114612647975,
            34.549823135459455
          ],
          [
            106.6031787842167,
            37.76452653623679
          ]
        ]
      },
      "properties": {
        "source": "N0000",
        "target": "N0040",
        "trade_volume_usd_m": 43.63
      }
    },
    {
      "type": "Feature",
      "geometry": {
        "type": "LineString",
        "coordinates": [
          [
            10.969600192980971,
            50.5197758327404
          ],
          [
            9.121654805233481,
            49.96677007164004
          ]
        ]
      },
      "properties": {
        "source": "N0001",
        "target": "N0004",
        "trade_volume_usd_m": 33.17
      }
    },
    {
      "type": "Feature",
      "geometry": {
        "type": "LineString",
        "coordinates": [
          [
            10.969600192980971,
            50.5197758327404
          ],
          [
            12.536878096742239,
            52.687943459698374
          ]
        ]
      },
      "properties": {
        "source": "N0001",
        "target": "N0325",
        "trade_volume_usd_m": 6.34
      }
    },
    {
      "type": "Feature",
      "geometry": {
        "type": "LineString",
        "coordinates": [
          [
            102.02764429619907,
            36.48860152054027
          ],
          [
            125.42688881087659,
            36.408814043983
          ]
        ]
      },
      "properties": {
        "source": "N0002",
        "target": "N0043",
        "trade_volume_usd_m": 43.29
      }
    },
    {
      "type": "Feature",
      "geometry": {
        "type": "LineString",
        "coordinates": [
          [
            102.02764429619907,
            36.48860152054027
          ],
          [
            -101.20604056361327,
            22.59945623409531
          ]
        ]
      },
      "properties": {
        "source": "N0002",
        "target": "N0036",
        "trade_volume_usd_m": 48.36
      }
    },
    {
      "type": "Feature",
      "geometry": {
        "type": "LineString",
        "coordinates": [
          [
            102.02764429619907,
            36.48860152054027
          ],
          [
            102.70344258918854,
            37.861504239858824
          ]
        ]
      },
      "properties": {
        "source": "N0002",
        "target": "N0323",
        "trade_volume_usd_m": 0.25
      }
    },
    {
      "type": "Feature",
      "geometry": {
        "type": "LineString",
        "coordinates": [
          [
            -94.0226545895177,
            34.655839957774376
          ],
          [
            8.730994955067823,
            51.72233561483671
          ]
        ]
      },
      "properties": {
        "source": "N0003",
        "target": "N0045",
        "trade_volume_usd_m": 25.72
      }
    },
    {
      "type": "Feature",
      "geometry": {
        "type": "LineString",
        "coordinates": [
          [
            -94.0226545895177,
            34.655839957774376
          ],
          [
            12.142381895141128,
            52.703886188127285
          ]
        ]
      },
      "properties": {
        "source": "N0003",
        "target": "N0083",
        "trade_volume_usd_m": 34.14
      }
    },
    {
      "type": "Feature",
      "geometry": {
        "type": "LineString",
        "coordinates": [
          [
            9.121654805233481,
            49.96677007164004
          ],
          [
            125.42688881087659,
            36.408814043983
          ]
        ]
      },
      "properties": {
        "source": "N0004",
        "target": "N0043",
        "trade_volume_usd_m": 43.91
      }
    },
    {
      "type": "Feature",
      "geometry": {
        "type": "LineString",
        "coordinates": [
          [
            9.121654805233481,
            49.96677007164004
          ],
          [
            -94.0226545895177,
            34.655839957774376
          ]
        ]
      },
      "properties": {
        "source": "N0004",
        "target": "N0003",
        "trade_volume_usd_m": 13.43
      }
    },
    {
      "type": "Feature",
      "geometry": {
        "type": "LineString",
        "coordinates": [
          [
            9.121654805233481,
            49.96677007164004
          ],
          [
            106.30549333791937,
            36.93064741805601
          ]
        ]
      },
      "properties": {
        "source": "N0004",
        "target": "N0015",
        "trade_volume_usd_m": 29.24
      }
    },
    {
      "type": "Feature",
      "geometry": {
        "type": "LineString",
        "coordinates": [
          [
            9.121654805233481,
            49.96677007164004
          ],
          [
            11.221558713530303,
            48.93971821446363
          ]
        ]
      },
      "properties": {
        "source": "N0004",
        "target": "N0322",
        "trade_volume_usd_m": 6.82
      }
    },
    {
      "type": "Feature",
      "geometry": {
        "type": "LineString",
        "coordinates": [
          [
            -102.69868246238775,
            26.108224177552312
          ],
          [
            9.121654805233481,
            49.96677007164004
          ]
        ]
      },
      "properties": {
        "source": "N0005",
        "target": "N0004",
        "trade_volume_usd_m": 30.03
      }
    },
    {
      "type": "Feature",
      "geometry": {
        "type": "LineString",
        "coordinates": [
          [
            -102.69868246238775,
            26.108224177552312
          ],
          [
            7.184064001277409,
            53.22411962032902
          ]
        ]
      },
      "properties": {
        "source": "N0005",
        "target": "N0014",
        "trade_volume_usd_m": 17.61
      }
    },
    {
      "type": "Feature",
      "geometry": {
        "type": "LineString",
        "coordinates": [
          [
            5.171766043496675,
            53.812307256371945
          ],
          [
            -98.1527125681789,
            37.33215233843431
          ]
        ]
      },
      "properties": {
        "source": "N0006",
        "target": "N0056",
        "trade_volume_usd_m": 49.22
      }
    },
    {
      "type": "Feature",
      "geometry": {
        "type": "LineString",
        "coordinates": [
          [
            5.171766043496675,
            53.812307256371945
          ],
          [
            3.6364211627821748,
            53.90767596992443
          ]
        ]
      },
      "properties": {
        "source": "N0006",
        "target": "N0078",
        "trade_volume_usd_m": 6.22
      }
    },
    {
      "type": "Feature",
      "geometry": {
        "type": "LineString",
        "coordinates": [
          [
            5.171766043496675,
            53.812307256371945
          ],
          [
            7.63633680766018,
            53.04199317706348
          ]
        ]
      },
      "properties": {
        "source": "N0006",
        "target": "N0318",
        "trade_volume_usd_m": 0.73
      }
    },
    {
      "type": "Feature",
      "geometry": {
        "type": "LineString",
        "coordinates": [
          [
            5.171766043496675,
            53.812307256371945
          ],
          [
            2.808281269996907,
            52.59128860181695
          ]
        ]
      },
      "properties": {
        "source": "N0006",
        "target": "N0319",
        "trade_volume_usd_m": 0.16
      }
    },
    {
      "type": "Feature",
      "geometry": {
        "type": "LineString",
        "coordinates": [
          [
            -97.45691787988237,
            37.785340702720816
          ],
          [
            12.594728006000084,
            52.07991068317484
          ]
        ]
      },
      "properties": {
        "source": "N0007",
        "target": "N0025",
        "trade_volume_usd_m": 35.58
      }
    },
    {
      "type": "Feature",
      "geometry": {
        "type": "LineString",
        "coordinates": [
          [
            -97.45691787988237,
            37.785340702720816
          ],
          [
            140.69903007460792,
            37.969712442113405
          ]
        ]
      },
      "properties": {
        "source": "N0007",
        "target": "N0033",
        "trade_volume_usd_m": 0.58
      }
    },
    {
      "type": "Feature",
      "geometry": {
        "type": "LineString",
        "coordinates": [
          [
            -97.45691787988237,
            37.785340702720816
          ],
          [
            -102.69868246238775,
            26.108224177552312
          ]
        ]
      },
      "properties": {
        "source": "N0007",
        "target": "N0005",
        "trade_volume_usd_m": 46.32
      }
    },
    {
      "type": "Feature",
      "geometry": {
        "type": "LineString",
        "coordinates": [
          [
            -97.45691787988237,
            37.785340702720816
          ],
          [
            -95.06448016998174,
            38.66334638152124
          ]
        ]
      },
      "properties": {
        "source": "N0007",
        "target": "N0316",
        "trade_volume_usd_m": 0.35
      }
    },
    {
      "type": "Feature",
      "geometry": {
        "type": "LineString",
        "coordinates": [
          [
            -50.08977346428352,
            -13.565696708574059
          ],
          [
            137.10587246957127,
            37.669309622420826
          ]
        ]
      },
      "properties": {
        "source": "N0008",
        "target": "N0088",
        "trade_volume_usd_m": 36.98
      }
    },
    {
      "type": "Feature",
      "geometry": {
        "type": "LineString",
        "coordinates": [
          [
            -50.08977346428352,
            -13.565696708574059
          ],
          [
            -49.49543172485602,
            -12.34010874186976
          ]
        ]
      },
      "properties": {
        "source": "N0008",
        "target": "N0093",
        "trade_volume_usd_m": 10.25
      }
    },
    {
      "type": "Feature",
      "geometry": {
        "type": "LineString",
        "coordinates": [
          [
            -50.08977346428352,
            -13.565696708574059
          ],
          [
            -103.93954631863839,
            25.766886072056693
          ]
        ]
      },
      "properties": {
        "source": "N0008",
        "target": "N0095",
        "trade_volume_usd_m": 21.85
      }
    },
    {
      "type": "Feature",
      "geometry": {
        "type": "LineString",
        "coordinates": [
          [
            -50.08977346428352,
            -13.565696708574059
          ],
          [
            -53.054555804532484,
            -13.101618738964037
          ]
        ]
      },
      "properties": {
        "source": "N0008",
        "target": "N0312",
        "trade_volume_usd_m": 0.24
      }
    },
    {
      "type": "Feature",
      "geometry": {
        "type": "LineString",
        "coordinates": [
          [
            -50.08977346428352,
            -13.565696708574059
          ],
          [
            -52.102980472845395,
            -12.800803497508742
          ]
        ]
      },
      "properties": {
        "source": "N0008",
        "target": "N0313",
        "trade_volume_usd_m": 0.73
      }
    },
    {
      "type": "Feature",
      "geometry": {
        "type": "LineString",
        "coordinates": [
          [
            -50.723740718992545,
            -14.124093948083495
          ],
          [
            103.05698516846667,
            33.60965926097665
          ]
        ]
      },
      "properties": {
        "source": "N0009",
        "target": "N0118",
        "trade_volume_usd_m": 16.04
      }
    },
    {
      "type": "Feature",
      "geometry": {
        "type": "LineString",
        "coordinates": [
          [
            -50.723740718992545,
            -14.124093948083495
          ],
          [
            125.42688881087659,
            36.408814043983
          ]
        ]
      },
      "properties": {
        "source": "N0009",
        "target": "N0043",
        "trade_volume_usd_m": 42.48
      }
    },
    {
      "type": "Feature",
      "geometry": {
        "type": "LineString",
        "coordinates": [
          [
            -50.723740718992545,
            -14.124093948083495
          ],
          [
            -102.79448907857389,
            25.55449135960644
          ]
        ]
      },
      "properties": {
        "source": "N0009",
        "target": "N0080",
        "trade_volume_usd_m": 36.13
      }
    },
    {
      "type": "Feature",
      "geometry": {
        "type": "LineString",
        "coordinates": [
          [
            -50.723740718992545,
            -14.124093948083495
          ],
          [
            -52.69820455816806,
            -13.627741866851245
          ]
        ]
      },
      "properties": {
        "source": "N0009",
        "target": "N0310",
        "trade_volume_usd_m": 0.32
      }
    },
    {
      "type": "Feature",
      "geometry": {
        "type": "LineString",
        "coordinates": [
          [
            102.02015719113498,
            36.71705737684796
          ],
          [
            -52.148439351818105,
            -15.48438860908265
          ]
        ]
      },
      "properties": {
        "source": "N0010",
        "target": "N0065",
        "trade_volume_usd_m": 33.51
      }
    },
    {
      "type": "Feature",
      "geometry": {
        "type": "LineString",
        "coordinates": [
          [
            102.02015719113498,
            36.71705737684796
          ],
          [
            106.6031787842167,
            37.76452653623679
          ]
        ]
      },
      "properties": {
        "source": "N0010",
        "target": "N0040",
        "trade_volume_usd_m": 16.65
      }
    },
    {
      "type": "Feature",
      "geometry": {
        "type": "LineString",
        "coordinates": [
          [
            102.02015719113498,
            36.71705737684796
          ],
          [
            103.68304416586612,
            35.37651614305138
          ]
        ]
      },
      "properties": {
        "source": "N0010",
        "target": "N0306",
        "trade_volume_usd_m": 7.67
      }
    },
    {
      "type": "Feature",
      "geometry": {
        "type": "LineString",
        "coordinates": [
          [
            102.02015719113498,
            36.71705737684796
          ],
          [
            106.52763334673193,
            33.493315917438025
          ]
        ]
      },
      "properties": {
        "source": "N0010",
        "target": "N0307",
        "trade_volume_usd_m": 9.58
      }
    },
    {
      "type": "Feature",
      "geometry": {
        "type": "LineString",
        "coordinates": [
          [
            5.745497914656588,
            53.42115123143409
          ],
          [
            76.68470121748018,
            21.162662642659043
          ]
        ]
      },
      "properties": {
        "source": "N0011",
        "target": "N0038",
        "trade_volume_usd_m": 10.0
      }
    },
    {
      "type": "Feature",
      "geometry": {
        "type": "LineString",
        "coordinates": [
          [
            5.745497914656588,
            53.42115123143409
          ],
          [
            11.625865908392548,
            51.51629001035291
          ]
        ]
      },
      "properties": {
        "source": "N0011",
        "target": "N0071",
        "trade_volume_usd_m": 33.41
      }
    },
    {
      "type": "Feature",
      "geometry": {
        "type": "LineString",
        "coordinates": [
          [
            5.745497914656588,
            53.42115123143409
          ],
          [
            106.37793360852261,
            35.583105280253804
          ]
        ]
      },
      "properties": {
        "source": "N0011",
        "target": "N0017",
        "trade_volume_usd_m": 19.27
      }
    },
    {
      "type": "Feature",
      "geometry": {
        "type": "LineString",
        "coordinates": [
          [
            5.745497914656588,
            53.42115123143409
          ],
          [
            3.0455804788783927,
            53.14721632160245
          ]
        ]
      },
      "properties": {
        "source": "N0011",
        "target": "N0305",
        "trade_volume_usd_m": 6.33
      }
    },
    {
      "type": "Feature",
      "geometry": {
        "type": "LineString",
        "coordinates": [
          [
            125.42505875734875,
            34.916338297578555
          ],
          [
            -54.392476399261454,
            -12.622506187232096
          ]
        ]
      },
      "properties": {
        "source": "N0012",
        "target": "N0116",
        "trade_volume_usd_m": 28.67
      }
    },
    {
      "type": "Feature",
      "geometry": {
        "type": "LineString",
        "coordinates": [
          [
            125.42505875734875,
            34.916338297578555
          ],
          [
            -95.28462946297317,
            36.3445524438509
          ]
        ]
      },
      "properties": {
        "source": "N0012",
        "target": "N0023",
        "trade_volume_usd_m": 20.6
      }
    },
    {
      "type": "Feature",
      "geometry": {
        "type": "LineString",
        "coordinates": [
          [
            125.42505875734875,
            34.916338297578555
          ],
          [
            -94.95883811853751,
            36.273551175224405
          ]
        ]
      },
      "properties": {
        "source": "N0012",
        "target": "N0079",
        "trade_volume_usd_m": 41.77
      }
    },
    {
      "type": "Feature",
      "geometry": {
        "type": "LineString",
        "coordinates": [
          [
            125.42505875734875,
            34.916338297578555
          ],
          [
            127.7213757297695,
            34.25116460542159
          ]
        ]
      },
      "properties": {
        "source": "N0012",
        "target": "N0302",
        "trade_volume_usd_m": 6.4
      }
    },
    {
      "type": "Feature",
      "geometry": {
        "type": "LineString",
        "coordinates": [
          [
            138.11374544332733,
            38.02763618489473
          ],
          [
            -54.20904969435228,
            -12.376164876858994
          ]
        ]
      },
      "properties": {
        "source": "N0013",
        "target": "N0037",
        "trade_volume_usd_m": 21.78
      }
    },
    {
      "type": "Feature",
      "geometry": {
        "type": "LineString",
        "coordinates": [
          [
            138.11374544332733,
            38.02763618489473
          ],
          [
            126.08549810985535,
            36.76636771081259
          ]
        ]
      },
      "properties": {
        "source": "N0013",
        "target": "N0027",
        "trade_volume_usd_m": 29.21
      }
    },
    {
      "type": "Feature",
      "geometry": {
        "type": "LineString",
        "coordinates": [
          [
            138.11374544332733,
            38.02763618489473
          ],
          [
            136.6038195708591,
            34.74643710040402
          ]
        ]
      },
      "properties": {
        "source": "N0013",
        "target": "N0299",
        "trade_volume_usd_m": 6.14
      }
    },
    {
      "type": "Feature",
      "geometry": {
        "type": "LineString",
        "coordinates": [
          [
            7.184064001277409,
            53.22411962032902
          ],
          [
            76.84485352352705,
            19.638350267381696
          ]
        ]
      },
      "properties": {
        "source": "N0014",
        "target": "N0042",
        "trade_volume_usd_m": 22.39
      }
    },
    {
      "type": "Feature",
      "geometry": {
        "type": "LineString",
        "coordinates": [
          [
            7.184064001277409,
            53.22411962032902
          ],
          [
            5.121252148483539,
            52.76670554505478
          ]
        ]
      },
      "properties": {
        "source": "N0014",
        "target": "N0060",
        "trade_volume_usd_m": 11.08
      }
    },
    {
      "type": "Feature",
      "geometry": {
        "type": "LineString",
        "coordinates": [
          [
            7.184064001277409,
            53.22411962032902
          ],
          [
            -95.31017393101466,
            36.666051719019414
          ]
        ]
      },
      "properties": {
        "source": "N0014",
        "target": "N0057",
        "trade_volume_usd_m": 23.92
      }
    },
    {
      "type": "Feature",
      "geometry": {
        "type": "LineString",
        "coordinates": [
          [
            106.30549333791937,
            36.93064741805601
          ],
          [
            107.70933129422451,
            14.096214919145298
          ]
        ]
      },
      "properties": {
        "source": "N0015",
        "target": "N0022",
        "trade_volume_usd_m": 14.55
      }
    },
    {
      "type": "Feature",
      "geometry": {
        "type": "LineString",
        "coordinates": [
          [
            106.30549333791937,
            36.93064741805601
          ],
          [
            -95.00031371751673,
            38.62613209083477
          ]
        ]
      },
      "properties": {
        "source": "N0015",
        "target": "N0085",
        "trade_volume_usd_m": 33.36
      }
    },
    {
      "type": "Feature",
      "geometry": {
        "type": "LineString",
        "coordinates": [
          [
            106.30549333791937,
            36.93064741805601
          ],
          [
            102.02015719113498,
            36.71705737684796
          ]
        ]
      },
      "properties": {
        "source": "N0015",
        "target": "N0010",
        "trade_volume_usd_m": 31.15
      }
    },
    {
      "type": "Feature",
      "geometry": {
        "type": "LineString",
        "coordinates": [
          [
            109.78454385492614,
            13.53481702000372
          ],
          [
            109.5064913365548,
            11.625722483435565
          ]
        ]
      },
      "properties": {
        "source": "N0016",
        "target": "N0105",
        "trade_volume_usd_m": 47.62
      }
    },
    {
      "type": "Feature",
      "geometry": {
        "type": "LineString",
        "coordinates": [
          [
            109.78454385492614,
            13.53481702000372
          ],
          [
            106.49738585291074,
            15.475901309610535
          ]
        ]
      },
      "properties": {
        "source": "N0016",
        "target": "N0297",
        "trade_volume_usd_m": 6.56
      }
    },
    {
      "type": "Feature",
      "geometry": {
        "type": "LineString",
        "coordinates": [
          [
            106.37793360852261,
            35.583105280253804
          ],
          [
            9.409714454352766,
            49.31844568898054
          ]
        ]
      },
      "properties": {
        "source": "N0017",
        "target": "N0087",
        "trade_volume_usd_m": 15.87
      }
    },
    {
      "type": "Feature",
      "geometry": {
        "type": "LineString",
        "coordinates": [
          [
            106.37793360852261,
            35.583105280253804
          ],
          [
            102.74497530529922,
            33.37350275442725
          ]
        ]
      },
      "properties": {
        "source": "N0017",
        "target": "N0296",
        "trade_volume_usd_m": 0.91
      }
    },
    {
      "type": "Feature",
      "geometry": {
        "type": "LineString",
        "coordinates": [
          [
            -53.942728451345616,
            -12.345666698309792
          ],
          [
            9.034934706165686,
            49.349844301003344
          ]
        ]
      },
      "properties": {
        "source": "N0018",
        "target": "N0019",
        "trade_volume_usd_m": 1.71
      }
    },
    {
      "type": "Feature",
      "geometry": {
        "type": "LineString",
        "coordinates": [
          [
            -53.942728451345616,
            -12.345666698309792
          ],
          [
            -49.932943581445514,
            -15.83705469551027
          ]
        ]
      },
      "properties": {
        "source": "N0018",
        "target": "N0292",
        "trade_volume_usd_m": 4.31
      }
    },
    {
      "type": "Feature",
      "geometry": {
        "type": "LineString",
        "coordinates": [
          [
            -53.942728451345616,
            -12.345666698309792
          ],
          [
            -52.595336145133224,
            -13.141539919650995
          ]
        ]
      },
      "properties": {
        "source": "N0018",
        "target": "N0293",
        "trade_volume_usd_m": 1.87
      }
    },
    {
      "type": "Feature",
      "geometry": {
        "type": "LineString",
        "coordinates": [
          [
            9.034934706165686,
            49.349844301003344
          ],
          [
            127.03288491520523,
            36.80640699019054
          ]
        ]
      },
      "properties": {
        "source": "N0019",
        "target": "N0061",
        "trade_volume_usd_m": 30.76
      }
    },
    {
      "type": "Feature",
      "geometry": {
        "type": "LineString",
        "coordinates": [
          [
            9.034934706165686,
            49.349844301003344
          ],
          [
            9.957289172648352,
            52.455493772152366
          ]
        ]
      },
      "properties": {
        "source": "N0019",
        "target": "N0291",
        "trade_volume_usd_m": 6.04
      }
    },
    {
      "type": "Feature",
      "geometry": {
        "type": "LineString",
        "coordinates": [
          [
            103.88080933313715,
            38.18740069449102
          ],
          [
            8.250402553138613,
            51.83090267648058
          ]
        ]
      },
      "properties": {
        "source": "N0020",
        "target": "N0059",
        "trade_volume_usd_m": 21.01
      }
    },
    {
      "type": "Feature",
      "geometry": {
        "type": "LineString",
        "coordinates": [
          [
            103.88080933313715,
            38.18740069449102
          ],
          [
            104.94621135328035,
            35.47055585028189
          ]
        ]
      },
      "properties": {
        "source": "N0020",
        "target": "N0289",
        "trade_volume_usd_m": 0.51
      }
    },
    {
      "type": "Feature",
      "geometry": {
        "type": "LineString",
        "coordinates": [
          [
            103.88080933313715,
            38.18740069449102
          ],
          [
            104.02202654546431,
            34.88324955997501
          ]
        ]
      },
      "properties": {
        "source": "N0020",
        "target": "N0290",
        "trade_volume_usd_m": 1.32
      }
    },
    {
      "type": "Feature",
      "geometry": {
        "type": "LineString",
        "coordinates": [
          [
            9.455130992127526,
            51.80324145433402
          ],
          [
            137.9261716026641,
            34.63697170458971
          ]
        ]
      },
      "properties": {
        "source": "N0021",
        "target": "N0074",
        "trade_volume_usd_m": 34.97
      }
    },
    {
      "type": "Feature",
      "geometry": {
        "type": "LineString",
        "coordinates": [
          [
            9.455130992127526,
            51.80324145433402
          ],
          [
            12.594728006000084,
            52.07991068317484
          ]
        ]
      },
      "properties": {
        "source": "N0021",
        "target": "N0025",
        "trade_volume_usd_m": 24.97
      }
    },
    {
      "type": "Feature",
      "geometry": {
        "type": "LineString",
        "coordinates": [
          [
            9.455130992127526,
            51.80324145433402
          ],
          [
            12.666339179595543,
            48.69330897291573
          ]
        ]
      },
      "properties": {
        "source": "N0021",
        "target": "N0092",
        "trade_volume_usd_m": 12.58
      }
    },
    {
      "type": "Feature",
      "geometry": {
        "type": "LineString",
        "coordinates": [
          [
            107.70933129422451,
            14.096214919145298
          ],
          [
            107.86452847936745,
            13.291771403334268
          ]
        ]
      },
      "properties": {
        "source": "N0022",
        "target": "N0089",
        "trade_volume_usd_m": 37.67
      }
    },
    {
      "type": "Feature",
      "geometry": {
        "type": "LineString",
        "coordinates": [
          [
            107.70933129422451,
            14.096214919145298
          ],
          [
            104.42114612647975,
            34.549823135459455
          ]
        ]
      },
      "properties": {
        "source": "N0022",
        "target": "N0000",
        "trade_volume_usd_m": 38.62
      }
    },
    {
      "type": "Feature",
      "geometry": {
        "type": "LineString",
        "coordinates": [
          [
            107.70933129422451,
            14.096214919145298
          ],
          [
            80.49025519581457,
            22.69883255636816
          ]
        ]
      },
      "properties": {
        "source": "N0022",
        "target": "N0115",
        "trade_volume_usd_m": 5.78
      }
    },
    {
      "type": "Feature",
      "geometry": {
        "type": "LineString",
        "coordinates": [
          [
            -95.28462946297317,
            36.3445524438509
          ],
          [
            138.5955375173716,
            38.22347992256118
          ]
        ]
      },
      "properties": {
        "source": "N0023",
        "target": "N0029",
        "trade_volume_usd_m": 40.3
      }
    },
    {
      "type": "Feature",
      "geometry": {
        "type": "LineString",
        "coordinates": [
          [
            -95.28462946297317,
            36.3445524438509
          ],
          [
            107.70933129422451,
            14.096214919145298
          ]
        ]
      },
      "properties": {
        "source": "N0023",
        "target": "N0022",
        "trade_volume_usd_m": 34.95
      }
    },
    {
      "type": "Feature",
      "geometry": {
        "type": "LineString",
        "coordinates": [
          [
            -49.90899114576112,
            -13.818741035149007
          ],
          [
            5.171766043496675,
            53.812307256371945
          ]
        ]
      },
      "properties": {
        "source": "N0024",
        "target": "N0006",
        "trade_volume_usd_m": 12.84
      }
    },
    {
      "type": "Feature",
      "geometry": {
        "type": "LineString",
        "coordinates": [
          [
            -49.90899114576112,
            -13.818741035149007
          ],
          [
            126.38268921396595,
            34.96008347705046
          ]
        ]
      },
      "properties": {
        "source": "N0024",
        "target": "N0072",
        "trade_volume_usd_m": 42.49
      }
    },
    {
      "type": "Feature",
      "geometry": {
        "type": "LineString",
        "coordinates": [
          [
            12.594728006000084,
            52.07991068317484
          ],
          [
            106.37793360852261,
            35.583105280253804
          ]
        ]
      },
      "properties": {
        "source": "N0025",
        "target": "N0017",
        "trade_volume_usd_m": 23.5
      }
    },
    {
      "type": "Feature",
      "geometry": {
        "type": "LineString",
        "coordinates": [
          [
            12.594728006000084,
            52.07991068317484
          ],
          [
            140.23283582492024,
            38.31927399778621
          ]
        ]
      },
      "properties": {
        "source": "N0025",
        "target": "N0103",
        "trade_volume_usd_m": 26.79
      }
    },
    {
      "type": "Feature",
      "geometry": {
        "type": "LineString",
        "coordinates": [
          [
            12.594728006000084,
            52.07991068317484
          ],
          [
            8.95151381290837,
            49.05971155305405
          ]
        ]
      },
      "properties": {
        "source": "N0025",
        "target": "N0286",
        "trade_volume_usd_m": 7.94
      }
    },
    {
      "type": "Feature",
      "geometry": {
        "type": "LineString",
        "coordinates": [
          [
            12.594728006000084,
            52.07991068317484
          ],
          [
            10.435700192797164,
            49.47411130158209
          ]
        ]
      },
      "properties": {
        "source": "N0025",
        "target": "N0287",
        "trade_volume_usd_m": 9.44
      }
    },
    {
      "type": "Feature",
      "geometry": {
        "type": "LineString",
        "coordinates": [
          [
            130.22494822434408,
            37.69200283198377
          ],
          [
            107.97215366280693,
            15.727694457786544
          ]
        ]
      },
      "properties": {
        "source": "N0026",
        "target": "N0077",
        "trade_volume_usd_m": 44.63
      }
    },
    {
      "type": "Feature",
      "geometry": {
        "type": "LineString",
        "coordinates": [
          [
            130.22494822434408,
            37.69200283198377
          ],
          [
            -100.05745527312112,
            23.65710186824022
          ]
        ]
      },
      "properties": {
        "source": "N0026",
        "target": "N0041",
        "trade_volume_usd_m": 30.83
      }
    },
    {
      "type": "Feature",
      "geometry": {
        "type": "LineString",
        "coordinates": [
          [
            130.22494822434408,
            37.69200283198377
          ],
          [
            -102.45492511677124,
            24.444936002642454
          ]
        ]
      },
      "properties": {
        "source": "N0026",
        "target": "N0097",
        "trade_volume_usd_m": 36.1
      }
    },
    {
      "type": "Feature",
      "geometry": {
        "type": "LineString",
        "coordinates": [
          [
            130.22494822434408,
            37.69200283198377
          ],
          [
            127.45512358885378,
            37.717299971579706
          ]
        ]
      },
      "properties": {
        "source": "N0026",
        "target": "N0283",
        "trade_volume_usd_m": 1.39
      }
    },
    {
      "type": "Feature",
      "geometry": {
        "type": "LineString",
        "coordinates": [
          [
            130.22494822434408,
            37.69200283198377
          ],
          [
            127.69500880046971,
            37.19424712348317
          ]
        ]
      },
      "properties": {
        "source": "N0026",
        "target": "N0284",
        "trade_volume_usd_m": 9.11
      }
    },
    {
      "type": "Feature",
      "geometry": {
        "type": "LineString",
        "coordinates": [
          [
            126.08549810985535,
            36.76636771081259
          ],
          [
            -95.60436353359397,
            39.47898658224318
          ]
        ]
      },
      "properties": {
        "source": "N0027",
        "target": "N0055",
        "trade_volume_usd_m": 27.62
      }
    },
    {
      "type": "Feature",
      "geometry": {
        "type": "LineString",
        "coordinates": [
          [
            126.08549810985535,
            36.76636771081259
          ],
          [
            104.32482067707913,
            36.67448052152414
          ]
        ]
      },
      "properties": {
        "source": "N0027",
        "target": "N0107",
        "trade_volume_usd_m": 44.91
      }
    },
    {
      "type": "Feature",
      "geometry": {
        "type": "LineString",
        "coordinates": [
          [
            126.08549810985535,
            36.76636771081259
          ],
          [
            12.262772840271799,
            51.81303605150042
          ]
        ]
      },
      "properties": {
        "source": "N0027",
        "target": "N0117",
        "trade_volume_usd_m": 37.31
      }
    },
    {
      "type": "Feature",
      "geometry": {
        "type": "LineString",
        "coordinates": [
          [
            126.08549810985535,
            36.76636771081259
          ],
          [
            128.8497606065859,
            38.04487878568337
          ]
        ]
      },
      "properties": {
        "source": "N0027",
        "target": "N0280",
        "trade_volume_usd_m": 8.85
      }
    },
    {
      "type": "Feature",
      "geometry": {
        "type": "LineString",
        "coordinates": [
          [
            12.773164736545306,
            52.97318766558134
          ],
          [
            11.028989706531283,
            48.770264451523
          ]
        ]
      },
      "properties": {
        "source": "N0028",
        "target": "N0058",
        "trade_volume_usd_m": 37.71
      }
    },
    {
      "type": "Feature",
      "geometry": {
        "type": "LineString",
        "coordinates": [
          [
            12.773164736545306,
            52.97318766558134
          ],
          [
            129.2729766062875,
            33.85259046554864
          ]
        ]
      },
      "properties": {
        "source": "N0028",
        "target": "N0034",
        "trade_volume_usd_m": 42.07
      }
    },
    {
      "type": "Feature",
      "geometry": {
        "type": "LineString",
        "coordinates": [
          [
            138.5955375173716,
            38.22347992256118
          ],
          [
            102.04033812053432,
            34.4973316817556
          ]
        ]
      },
      "properties": {
        "source": "N0029",
        "target": "N0099",
        "trade_volume_usd_m": 26.3
      }
    },
    {
      "type": "Feature",
      "geometry": {
        "type": "LineString",
        "coordinates": [
          [
            138.5955375173716,
            38.22347992256118
          ],
          [
            4.225055886208874,
            52.57338859509543
          ]
        ]
      },
      "properties": {
        "source": "N0029",
        "target": "N0100",
        "trade_volume_usd_m": 31.52
      }
    },
    {
      "type": "Feature",
      "geometry": {
        "type": "LineString",
        "coordinates": [
          [
            77.51562491837798,
            21.659085100870996
          ],
          [
            -95.31017393101466,
            36.666051719019414
          ]
        ]
      },
      "properties": {
        "source": "N0030",
        "target": "N0057",
        "trade_volume_usd_m": 35.82
      }
    },
    {
      "type": "Feature",
      "geometry": {
        "type": "LineString",
        "coordinates": [
          [
            77.51562491837798,
            21.659085100870996
          ],
          [
            -50.723740718992545,
            -14.124093948083495
          ]
        ]
      },
      "properties": {
        "source": "N0030",
        "target": "N0009",
        "trade_volume_usd_m": 12.11
      }
    },
    {
      "type": "Feature",
      "geometry": {
        "type": "LineString",
        "coordinates": [
          [
            77.51562491837798,
            21.659085100870996
          ],
          [
            77.13178335340749,
            21.563298575483905
          ]
        ]
      },
      "properties": {
        "source": "N0030",
        "target": "N0278",
        "trade_volume_usd_m": 0.73
      }
    },
    {
      "type": "Feature",
      "geometry": {
        "type": "LineString",
        "coordinates": [
          [
            -95.34233823824357,
            38.748039651366774
          ],
          [
            -100.05745527312112,
            23.65710186824022
          ]
        ]
      },
      "properties": {
        "source": "N0031",
        "target": "N0041",
        "trade_volume_usd_m": 27.24
      }
    },
    {
      "type": "Feature",
      "geometry": {
        "type": "LineString",
        "coordinates": [
          [
            -95.34233823824357,
            38.748039651366774
          ],
          [
            80.49025519581457,
            22.69883255636816
          ]
        ]
      },
      "properties": {
        "source": "N0031",
        "target": "N0115",
        "trade_volume_usd_m": 7.35
      }
    },
    {
      "type": "Feature",
      "geometry": {
        "type": "LineString",
        "coordinates": [
          [
            -95.34233823824357,
            38.748039651366774
          ],
          [
            -96.41049492201421,
            34.84303494280268
          ]
        ]
      },
      "properties": {
        "source": "N0031",
        "target": "N0274",
        "trade_volume_usd_m": 1.15
      }
    },
    {
      "type": "Feature",
      "geometry": {
        "type": "LineString",
        "coordinates": [
          [
            -95.34233823824357,
            38.748039651366774
          ],
          [
            -97.82081841965771,
            35.757068947328406
          ]
        ]
      },
      "properties": {
        "source": "N0031",
        "target": "N0275",
        "trade_volume_usd_m": 0.47
      }
    },
    {
      "type": "Feature",
      "geometry": {
        "type": "LineString",
        "coordinates": [
          [
            76.77730288572614,
            19.514787309931027
          ],
          [
            -102.07174880799015,
            24.349443591938634
          ]
        ]
      },
      "properties": {
        "source": "N0032",
        "target": "N0050",
        "trade_volume_usd_m": 34.85
      }
    },
    {
      "type": "Feature",
      "geometry": {
        "type": "LineString",
        "coordinates": [
          [
            76.77730288572614,
            19.514787309931027
          ],
          [
            81.2551093933549,
            20.92002273303468
          ]
        ]
      },
      "properties": {
        "source": "N0032",
        "target": "N0271",
        "trade_volume_usd_m": 2.39
      }
    },
    {
      "type": "Feature",
      "geometry": {
        "type": "LineString",
        "coordinates": [
          [
            140.69903007460792,
            37.969712442113405
          ],
          [
            126.08549810985535,
            36.76636771081259
          ]
        ]
      },
      "properties": {
        "source": "N0033",
        "target": "N0027",
        "trade_volume_usd_m": 20.68
      }
    },
    {
      "type": "Feature",
      "geometry": {
        "type": "LineString",
        "coordinates": [
          [
            140.69903007460792,
            37.969712442113405
          ],
          [
            -50.08977346428352,
            -13.565696708574059
          ]
        ]
      },
      "properties": {
        "source": "N0033",
        "target": "N0008",
        "trade_volume_usd_m": 27.36
      }
    },
    {
      "type": "Feature",
      "geometry": {
        "type": "LineString",
        "coordinates": [
          [
            140.69903007460792,
            37.969712442113405
          ],
          [
            4.295434305870748,
            50.81817809732392
          ]
        ]
      },
      "properties": {
        "source": "N0033",
        "target": "N0054",
        "trade_volume_usd_m": 21.08
      }
    },
    {
      "type": "Feature",
      "geometry": {
        "type": "LineString",
        "coordinates": [
          [
            140.69903007460792,
            37.969712442113405
          ],
          [
            138.3977395822067,
            34.66718209915429
          ]
        ]
      },
      "properties": {
        "source": "N0033",
        "target": "N0268",
        "trade_volume_usd_m": 1.62
      }
    },
    {
      "type": "Feature",
      "geometry": {
        "type": "LineString",
        "coordinates": [
          [
            129.2729766062875,
            33.85259046554864
          ],
          [
            104.32482067707913,
            36.67448052152414
          ]
        ]
      },
      "properties": {
        "source": "N0034",
        "target": "N0107",
        "trade_volume_usd_m": 21.3
      }
    },
    {
      "type": "Feature",
      "geometry": {
        "type": "LineString",
        "coordinates": [
          [
            -97.45617312773595,
            36.64230913672955
          ],
          [
            103.7476105822453,
            35.45885591895626
          ]
        ]
      },
      "properties": {
        "source": "N0035",
        "target": "N0090",
        "trade_volume_usd_m": 44.09
      }
    },
    {
      "type": "Feature",
      "geometry": {
        "type": "LineString",
        "coordinates": [
          [
            -97.45617312773595,
            36.64230913672955
          ],
          [
            102.02764429619907,
            36.48860152054027
          ]
        ]
      },
      "properties": {
        "source": "N0035",
        "target": "N0002",
        "trade_volume_usd_m": 29.0
      }
    },
    {
      "type": "Feature",
      "geometry": {
        "type": "LineString",
        "coordinates": [
          [
            -97.45617312773595,
            36.64230913672955
          ],
          [
            -93.90167641770165,
            35.85237422123516
          ]
        ]
      },
      "properties": {
        "source": "N0035",
        "target": "N0110",
        "trade_volume_usd_m": 24.11
      }
    },
    {
      "type": "Feature",
      "geometry": {
        "type": "LineString",
        "coordinates": [
          [
            -97.45617312773595,
            36.64230913672955
          ],
          [
            -95.75063728551909,
            37.899687831766755
          ]
        ]
      },
      "properties": {
        "source": "N0035",
        "target": "N0266",
        "trade_volume_usd_m": 8.92
      }
    },
    {
      "type": "Feature",
      "geometry": {
        "type": "LineString",
        "coordinates": [
          [
            -101.20604056361327,
            22.59945623409531
          ],
          [
            107.43477073009504,
            15.152202387242582
          ]
        ]
      },
      "properties": {
        "source": "N0036",
        "target": "N0039",
        "trade_volume_usd_m": 19.8
      }
    },
    {
      "type": "Feature",
      "geometry": {
        "type": "LineString",
        "coordinates": [
          [
            -101.20604056361327,
            22.59945623409531
          ],
          [
            -102.45492511677124,
            24.444936002642454
          ]
        ]
      },
      "properties": {
        "source": "N0036",
        "target": "N0097",
        "trade_volume_usd_m": 44.64
      }
    },
    {
      "type": "Feature",
      "geometry": {
        "type": "LineString",
        "coordinates": [
          [
            -54.20904969435228,
            -12.376164876858994
          ],
          [
            -103.16419829335541,
            22.632019866827946
          ]
        ]
      },
      "properties": {
        "source": "N0037",
        "target": "N0069",
        "trade_volume_usd_m": 36.86
      }
    },
    {
      "type": "Feature",
      "geometry": {
        "type": "LineString",
        "coordinates": [
          [
            -54.20904969435228,
            -12.376164876858994
          ],
          [
            -100.86650660360677,
            24.857615045632095
          ]
        ]
      },
      "properties": {
        "source": "N0037",
        "target": "N0096",
        "trade_volume_usd_m": 40.09
      }
    },
    {
      "type": "Feature",
      "geometry": {
        "type": "LineString",
        "coordinates": [
          [
            76.68470121748018,
            21.162662642659043
          ],
          [
            136.05288401822898,
            33.810912344954055
          ]
        ]
      },
      "properties": {
        "source": "N0038",
        "target": "N0063",
        "trade_volume_usd_m": 11.36
      }
    },
    {
      "type": "Feature",
      "geometry": {
        "type": "LineString",
        "coordinates": [
          [
            76.68470121748018,
            21.162662642659043
          ],
          [
            77.95701762555919,
            21.52315067540641
          ]
        ]
      },
      "properties": {
        "source": "N0038",
        "target": "N0262",
        "trade_volume_usd_m": 7.84
      }
    },
    {
      "type": "Feature",
      "geometry": {
        "type": "LineString",
        "coordinates": [
          [
            76.68470121748018,
            21.162662642659043
          ],
          [
            78.88036085688225,
            22.390053964094875
          ]
        ]
      },
      "properties": {
        "source": "N0038",
        "target": "N0263",
        "trade_volume_usd_m": 1.68
      }
    },
    {
      "type": "Feature",
      "geometry": {
        "type": "LineString",
        "coordinates": [
          [
            107.43477073009504,
            15.152202387242582
          ],
          [
            136.05288401822898,
            33.810912344954055
          ]
        ]
      },
      "properties": {
        "source": "N0039",
        "target": "N0063",
        "trade_volume_usd_m": 19.75
      }
    },
    {
      "type": "Feature",
      "geometry": {
        "type": "LineString",
        "coordinates": [
          [
            107.43477073009504,
            15.152202387242582
          ],
          [
            -94.0226545895177,
            34.655839957774376
          ]
        ]
      },
      "properties": {
        "source": "N0039",
        "target": "N0003",
        "trade_volume_usd_m": 33.61
      }
    },
    {
      "type": "Feature",
      "geometry": {
        "type": "LineString",
        "coordinates": [
          [
            107.43477073009504,
            15.152202387242582
          ],
          [
            108.69528345307727,
            14.323032015642667
          ]
        ]
      },
      "properties": {
        "source": "N0039",
        "target": "N0260",
        "trade_volume_usd_m": 1.41
      }
    },
    {
      "type": "Feature",
      "geometry": {
        "type": "LineString",
        "coordinates": [
          [
            107.43477073009504,
            15.152202387242582
          ],
          [
            110.66488337133372,
            14.728209511705371
          ]
        ]
      },
      "properties": {
        "source": "N0039",
        "target": "N0261",
        "trade_volume_usd_m": 7.41
      }
    },
    {
      "type": "Feature",
      "geometry": {
        "type": "LineString",
        "coordinates": [
          [
            106.6031787842167,
            37.76452653623679
          ],
          [
            -49.49543172485602,
            -12.34010874186976
          ]
        ]
      },
      "properties": {
        "source": "N0040",
        "target": "N0093",
        "trade_volume_usd_m": 42.11
      }
    },
    {
      "type": "Feature",
      "geometry": {
        "type": "LineString",
        "coordinates": [
          [
            106.6031787842167,
            37.76452653623679
          ],
          [
            9.455130992127526,
            51.80324145433402
          ]
        ]
      },
      "properties": {
        "source": "N0040",
        "target": "N0021",
        "trade_volume_usd_m": 46.02
      }
    },
    {
      "type": "Feature",
      "geometry": {
        "type": "LineString",
        "coordinates": [
          [
            106.6031787842167,
            37.76452653623679
          ],
          [
            106.15600056675177,
            37.375782305778436
          ]
        ]
      },
      "properties": {
        "source": "N0040",
        "target": "N0258",
        "trade_volume_usd_m": 7.24
      }
    },
    {
      "type": "Feature",
      "geometry": {
        "type": "LineString",
        "coordinates": [
          [
            106.6031787842167,
            37.76452653623679
          ],
          [
            103.61573151632948,
            38.106613979880194
          ]
        ]
      },
      "properties": {
        "source": "N0040",
        "target": "N0259",
        "trade_volume_usd_m": 2.42
      }
    },
    {
      "type": "Feature",
      "geometry": {
        "type": "LineString",
        "coordinates": [
          [
            -100.05745527312112,
            23.65710186824022
          ],
          [
            -103.16419829335541,
            22.632019866827946
          ]
        ]
      },
      "properties": {
        "source": "N0041",
        "target": "N0069",
        "trade_volume_usd_m": 20.0
      }
    },
    {
      "type": "Feature",
      "geometry": {
        "type": "LineString",
        "coordinates": [
          [
            -100.05745527312112,
            23.65710186824022
          ],
          [
            -94.0226545895177,
            34.655839957774376
          ]
        ]
      },
      "properties": {
        "source": "N0041",
        "target": "N0003",
        "trade_volume_usd_m": 28.44
      }
    },
    {
      "type": "Feature",
      "geometry": {
        "type": "LineString",
        "coordinates": [
          [
            -100.05745527312112,
            23.65710186824022
          ],
          [
            12.262772840271799,
            51.81303605150042
          ]
        ]
      },
      "properties": {
        "source": "N0041",
        "target": "N0117",
        "trade_volume_usd_m": 1.84
      }
    },
    {
      "type": "Feature",
      "geometry": {
        "type": "LineString",
        "coordinates": [
          [
            -100.05745527312112,
            23.65710186824022
          ],
          [
            -102.20815897364584,
            23.76800606766087
          ]
        ]
      },
      "properties": {
        "source": "N0041",
        "target": "N0255",
        "trade_volume_usd_m": 2.56
      }
    },
    {
      "type": "Feature",
      "geometry": {
        "type": "LineString",
        "coordinates": [
          [
            -100.05745527312112,
            23.65710186824022
          ],
          [
            -103.7992470305562,
            22.140383660665474
          ]
        ]
      },
      "properties": {
        "source": "N0041",
        "target": "N0256",
        "trade_volume_usd_m": 0.45
      }
    },
    {
      "type": "Feature",
      "geometry": {
        "type": "LineString",
        "coordinates": [
          [
            76.84485352352705,
            19.638350267381696
          ],
          [
            -95.60436353359397,
            39.47898658224318
          ]
        ]
      },
      "properties": {
        "source": "N0042",
        "target": "N0055",
        "trade_volume_usd_m": 23.35
      }
    },
    {
      "type": "Feature",
      "geometry": {
        "type": "LineString",
        "coordinates": [
          [
            76.84485352352705,
            19.638350267381696
          ],
          [
            106.37793360852261,
            35.583105280253804
          ]
        ]
      },
      "properties": {
        "source": "N0042",
        "target": "N0017",
        "trade_volume_usd_m": 2.99
      }
    },
    {
      "type": "Feature",
      "geometry": {
        "type": "LineString",
        "coordinates": [
          [
            76.84485352352705,
            19.638350267381696
          ],
          [
            -94.29837444106607,
            36.97598748339532
          ]
        ]
      },
      "properties": {
        "source": "N0042",
        "target": "N0111",
        "trade_volume_usd_m": 19.27
      }
    },
    {
      "type": "Feature",
      "geometry": {
        "type": "LineString",
        "coordinates": [
          [
            76.84485352352705,
            19.638350267381696
          ],
          [
            80.1765872525865,
            20.17327668421526
          ]
        ]
      },
      "properties": {
        "source": "N0042",
        "target": "N0251",
        "trade_volume_usd_m": 4.48
      }
    },
    {
      "type": "Feature",
      "geometry": {
        "type": "LineString",
        "coordinates": [
          [
            76.84485352352705,
            19.638350267381696
          ],
          [
            80.20350209267721,
            22.168740886725857
          ]
        ]
      },
      "properties": {
        "source": "N0042",
        "target": "N0252",
        "trade_volume_usd_m": 3.58
      }
    },
    {
      "type": "Feature",
      "geometry": {
        "type": "LineString",
        "coordinates": [
          [
            125.42688881087659,
            36.408814043983
          ],
          [
            8.250402553138613,
            51.83090267648058
          ]
        ]
      },
      "properties": {
        "source": "N0043",
        "target": "N0059",
        "trade_volume_usd_m": 16.68
      }
    },
    {
      "type": "Feature",
      "geometry": {
        "type": "LineString",
        "coordinates": [
          [
            -52.390319321915044,
            -15.753075717857904
          ],
          [
            -97.45617312773595,
            36.64230913672955
          ]
        ]
      },
      "properties": {
        "source": "N0044",
        "target": "N0035",
        "trade_volume_usd_m": 47.58
      }
    },
    {
      "type": "Feature",
      "geometry": {
        "type": "LineString",
        "coordinates": [
          [
            -52.390319321915044,
            -15.753075717857904
          ],
          [
            -102.45492511677124,
            24.444936002642454
          ]
        ]
      },
      "properties": {
        "source": "N0044",
        "target": "N0097",
        "trade_volume_usd_m": 21.37
      }
    },
    {
      "type": "Feature",
      "geometry": {
        "type": "LineString",
        "coordinates": [
          [
            -52.390319321915044,
            -15.753075717857904
          ],
          [
            -53.484152385626295,
            -15.815770352103804
          ]
        ]
      },
      "properties": {
        "source": "N0044",
        "target": "N0250",
        "trade_volume_usd_m": 3.36
      }
    },
    {
      "type": "Feature",
      "geometry": {
        "type": "LineString",
        "coordinates": [
          [
            8.730994955067823,
            51.72233561483671
          ],
          [
            127.03288491520523,
            36.80640699019054
          ]
        ]
      },
      "properties": {
        "source": "N0045",
        "target": "N0061",
        "trade_volume_usd_m": 1.46
      }
    },
    {
      "type": "Feature",
      "geometry": {
        "type": "LineString",
        "coordinates": [
          [
            129.6088951696386,
            33.62217912360602
          ],
          [
            5.171766043496675,
            53.812307256371945
          ]
        ]
      },
      "properties": {
        "source": "N0046",
        "target": "N0006",
        "trade_volume_usd_m": 32.68
      }
    },
    {
      "type": "Feature",
      "geometry": {
        "type": "LineString",
        "coordinates": [
          [
            129.6088951696386,
            33.62217912360602
          ],
          [
            -52.390319321915044,
            -15.753075717857904
          ]
        ]
      },
      "properties": {
        "source": "N0046",
        "target": "N0044",
        "trade_volume_usd_m": 39.17
      }
    },
    {
      "type": "Feature",
      "geometry": {
        "type": "LineString",
        "coordinates": [
          [
            129.6088951696386,
            33.62217912360602
          ],
          [
            12.773164736545306,
            52.97318766558134
          ]
        ]
      },
      "properties": {
        "source": "N0046",
        "target": "N0028",
        "trade_volume_usd_m": 32.76
      }
    },
    {
      "type": "Feature",
      "geometry": {
        "type": "LineString",
        "coordinates": [
          [
            129.6088951696386,
            33.62217912360602
          ],
          [
            126.622437570323,
            33.97065440742606
          ]
        ]
      },
      "properties": {
        "source": "N0046",
        "target": "N0247",
        "trade_volume_usd_m": 9.11
      }
    },
    {
      "type": "Feature",
      "geometry": {
        "type": "LineString",
        "coordinates": [
          [
            -100.25670286795773,
            22.699152599580458
          ],
          [
            -95.34233823824357,
            38.748039651366774
          ]
        ]
      },
      "properties": {
        "source": "N0047",
        "target": "N0031",
        "trade_volume_usd_m": 10.37
      }
    },
    {
      "type": "Feature",
      "geometry": {
        "type": "LineString",
        "coordinates": [
          [
            -100.25670286795773,
            22.699152599580458
          ],
          [
            -103.27945315855561,
            24.97450690875654
          ]
        ]
      },
      "properties": {
        "source": "N0047",
        "target": "N0243",
        "trade_volume_usd_m": 7.21
      }
    },
    {
      "type": "Feature",
      "geometry": {
        "type": "LineString",
        "coordinates": [
          [
            -100.25670286795773,
            22.699152599580458
          ],
          [
            -103.03330569832653,
            22.79431318763805
          ]
        ]
      },
      "properties": {
        "source": "N0047",
        "target": "N0244",
        "trade_volume_usd_m": 7.99
      }
    },
    {
      "type": "Feature",
      "geometry": {
        "type": "LineString",
        "coordinates": [
          [
            127.15894619706091,
            37.893298207138
          ],
          [
            -102.79448907857389,
            25.55449135960644
          ]
        ]
      },
      "properties": {
        "source": "N0048",
        "target": "N0080",
        "trade_volume_usd_m": 8.04
      }
    },
    {
      "type": "Feature",
      "geometry": {
        "type": "LineString",
        "coordinates": [
          [
            127.15894619706091,
            37.893298207138
          ],
          [
            127.18689841648462,
            34.739230340974146
          ]
        ]
      },
      "properties": {
        "source": "N0048",
        "target": "N0240",
        "trade_volume_usd_m": 5.52
      }
    },
    {
      "type": "Feature",
      "geometry": {
        "type": "LineString",
        "coordinates": [
          [
            5.390364922962819,
            51.93204816422953
          ],
          [
            127.03288491520523,
            36.80640699019054
          ]
        ]
      },
      "properties": {
        "source": "N0049",
        "target": "N0061",
        "trade_volume_usd_m": 33.64
      }
    },
    {
      "type": "Feature",
      "geometry": {
        "type": "LineString",
        "coordinates": [
          [
            5.390364922962819,
            51.93204816422953
          ],
          [
            6.36917719264466,
            49.97298137230504
          ]
        ]
      },
      "properties": {
        "source": "N0049",
        "target": "N0237",
        "trade_volume_usd_m": 4.43
      }
    },
    {
      "type": "Feature",
      "geometry": {
        "type": "LineString",
        "coordinates": [
          [
            -102.07174880799015,
            24.349443591938634
          ],
          [
            126.08549810985535,
            36.76636771081259
          ]
        ]
      },
      "properties": {
        "source": "N0050",
        "target": "N0027",
        "trade_volume_usd_m": 13.18
      }
    },
    {
      "type": "Feature",
      "geometry": {
        "type": "LineString",
        "coordinates": [
          [
            -102.07174880799015,
            24.349443591938634
          ],
          [
            5.121252148483539,
            52.76670554505478
          ]
        ]
      },
      "properties": {
        "source": "N0050",
        "target": "N0060",
        "trade_volume_usd_m": 18.76
      }
    },
    {
      "type": "Feature",
      "geometry": {
        "type": "LineString",
        "coordinates": [
          [
            -102.07174880799015,
            24.349443591938634
          ],
          [
            103.7476105822453,
            35.45885591895626
          ]
        ]
      },
      "properties": {
        "source": "N0050",
        "target": "N0090",
        "trade_volume_usd_m": 30.49
      }
    },
    {
      "type": "Feature",
      "geometry": {
        "type": "LineString",
        "coordinates": [
          [
            138.85063067722632,
            36.496305310076956
          ],
          [
            12.666339179595543,
            48.69330897291573
          ]
        ]
      },
      "properties": {
        "source": "N0051",
        "target": "N0092",
        "trade_volume_usd_m": 41.06
      }
    },
    {
      "type": "Feature",
      "geometry": {
        "type": "LineString",
        "coordinates": [
          [
            138.85063067722632,
            36.496305310076956
          ],
          [
            7.184064001277409,
            53.22411962032902
          ]
        ]
      },
      "properties": {
        "source": "N0051",
        "target": "N0014",
        "trade_volume_usd_m": 48.25
      }
    },
    {
      "type": "Feature",
      "geometry": {
        "type": "LineString",
        "coordinates": [
          [
            138.85063067722632,
            36.496305310076956
          ],
          [
            4.225055886208874,
            52.57338859509543
          ]
        ]
      },
      "properties": {
        "source": "N0051",
        "target": "N0100",
        "trade_volume_usd_m": 5.85
      }
    },
    {
      "type": "Feature",
      "geometry": {
        "type": "LineString",
        "coordinates": [
          [
            138.85063067722632,
            36.496305310076956
          ],
          [
            138.52461913602673,
            36.68716397658503
          ]
        ]
      },
      "properties": {
        "source": "N0051",
        "target": "N0234",
        "trade_volume_usd_m": 1.18
      }
    },
    {
      "type": "Feature",
      "geometry": {
        "type": "LineString",
        "coordinates": [
          [
            138.85063067722632,
            36.496305310076956
          ],
          [
            138.0385192737867,
            36.937434036541845
          ]
        ]
      },
      "properties": {
        "source": "N0051",
        "target": "N0235",
        "trade_volume_usd_m": 7.25
      }
    },
    {
      "type": "Feature",
      "geometry": {
        "type": "LineString",
        "coordinates": [
          [
            -102.5148659202717,
            25.833106277119814
          ],
          [
            127.90633089213341,
            34.752930556017496
          ]
        ]
      },
      "properties": {
        "source": "N0052",
        "target": "N0119",
        "trade_volume_usd_m": 15.94
      }
    },
    {
      "type": "Feature",
      "geometry": {
        "type": "LineString",
        "coordinates": [
          [
            11.551556260720691,
            50.82595776715466
          ],
          [
            12.262772840271799,
            51.81303605150042
          ]
        ]
      },
      "properties": {
        "source": "N0053",
        "target": "N0117",
        "trade_volume_usd_m": 47.1
      }
    },
    {
      "type": "Feature",
      "geometry": {
        "type": "LineString",
        "coordinates": [
          [
            11.551556260720691,
            50.82595776715466
          ],
          [
            127.15894619706091,
            37.893298207138
          ]
        ]
      },
      "properties": {
        "source": "N0053",
        "target": "N0048",
        "trade_volume_usd_m": 10.32
      }
    },
    {
      "type": "Feature",
      "geometry": {
        "type": "LineString",
        "coordinates": [
          [
            11.551556260720691,
            50.82595776715466
          ],
          [
            -102.07174880799015,
            24.349443591938634
          ]
        ]
      },
      "properties": {
        "source": "N0053",
        "target": "N0050",
        "trade_volume_usd_m": 29.81
      }
    },
    {
      "type": "Feature",
      "geometry": {
        "type": "LineString",
        "coordinates": [
          [
            4.295434305870748,
            50.81817809732392
          ],
          [
            -95.34233823824357,
            38.748039651366774
          ]
        ]
      },
      "properties": {
        "source": "N0054",
        "target": "N0031",
        "trade_volume_usd_m": 38.74
      }
    },
    {
      "type": "Feature",
      "geometry": {
        "type": "LineString",
        "coordinates": [
          [
            4.295434305870748,
            50.81817809732392
          ],
          [
            138.11374544332733,
            38.02763618489473
          ]
        ]
      },
      "properties": {
        "source": "N0054",
        "target": "N0013",
        "trade_volume_usd_m": 42.59
      }
    },
    {
      "type": "Feature",
      "geometry": {
        "type": "LineString",
        "coordinates": [
          [
            4.295434305870748,
            50.81817809732392
          ],
          [
            103.7476105822453,
            35.45885591895626
          ]
        ]
      },
      "properties": {
        "source": "N0054",
        "target": "N0090",
        "trade_volume_usd_m": 30.22
      }
    },
    {
      "type": "Feature",
      "geometry": {
        "type": "LineString",
        "coordinates": [
          [
            4.295434305870748,
            50.81817809732392
          ],
          [
            5.944422199336511,
            52.85833902128784
          ]
        ]
      },
      "properties": {
        "source": "N0054",
        "target": "N0229",
        "trade_volume_usd_m": 3.45
      }
    },
    {
      "type": "Feature",
      "geometry": {
        "type": "LineString",
        "coordinates": [
          [
            4.295434305870748,
            50.81817809732392
          ],
          [
            7.239596253036803,
            50.525522101625036
          ]
        ]
      },
      "properties": {
        "source": "N0054",
        "target": "N0230",
        "trade_volume_usd_m": 3.67
      }
    },
    {
      "type": "Feature",
      "geometry": {
        "type": "LineString",
        "coordinates": [
          [
            -95.60436353359397,
            39.47898658224318
          ],
          [
            109.24852803648628,
            16.07804640900171
          ]
        ]
      },
      "properties": {
        "source": "N0055",
        "target": "N0102",
        "trade_volume_usd_m": 49.2
      }
    },
    {
      "type": "Feature",
      "geometry": {
        "type": "LineString",
        "coordinates": [
          [
            -98.1527125681789,
            37.33215233843431
          ],
          [
            -52.390319321915044,
            -15.753075717857904
          ]
        ]
      },
      "properties": {
        "source": "N0056",
        "target": "N0044",
        "trade_volume_usd_m": 26.87
      }
    },
    {
      "type": "Feature",
      "geometry": {
        "type": "LineString",
        "coordinates": [
          [
            -98.1527125681789,
            37.33215233843431
          ],
          [
            -96.44921113984573,
            37.05940361368221
          ]
        ]
      },
      "properties": {
        "source": "N0056",
        "target": "N0226",
        "trade_volume_usd_m": 3.4
      }
    },
    {
      "type": "Feature",
      "geometry": {
        "type": "LineString",
        "coordinates": [
          [
            -98.1527125681789,
            37.33215233843431
          ],
          [
            -94.81728079349197,
            38.180466540099076
          ]
        ]
      },
      "properties": {
        "source": "N0056",
        "target": "N0227",
        "trade_volume_usd_m": 2.0
      }
    },
    {
      "type": "Feature",
      "geometry": {
        "type": "LineString",
        "coordinates": [
          [
            -95.31017393101466,
            36.666051719019414
          ],
          [
            -100.25670286795773,
            22.699152599580458
          ]
        ]
      },
      "properties": {
        "source": "N0057",
        "target": "N0047",
        "trade_volume_usd_m": 32.55
      }
    },
    {
      "type": "Feature",
      "geometry": {
        "type": "LineString",
        "coordinates": [
          [
            -95.31017393101466,
            36.666051719019414
          ],
          [
            -50.08977346428352,
            -13.565696708574059
          ]
        ]
      },
      "properties": {
        "source": "N0057",
        "target": "N0008",
        "trade_volume_usd_m": 1.13
      }
    },
    {
      "type": "Feature",
      "geometry": {
        "type": "LineString",
        "coordinates": [
          [
            -95.31017393101466,
            36.666051719019414
          ],
          [
            -52.148439351818105,
            -15.48438860908265
          ]
        ]
      },
      "properties": {
        "source": "N0057",
        "target": "N0065",
        "trade_volume_usd_m": 21.29
      }
    },
    {
      "type": "Feature",
      "geometry": {
        "type": "LineString",
        "coordinates": [
          [
            -95.31017393101466,
            36.666051719019414
          ],
          [
            -97.64351974089136,
            37.270836525771045
          ]
        ]
      },
      "properties": {
        "source": "N0057",
        "target": "N0225",
        "trade_volume_usd_m": 6.72
      }
    },
    {
      "type": "Feature",
      "geometry": {
        "type": "LineString",
        "coordinates": [
          [
            11.028989706531283,
            48.770264451523
          ],
          [
            138.11374544332733,
            38.02763618489473
          ]
        ]
      },
      "properties": {
        "source": "N0058",
        "target": "N0013",
        "trade_volume_usd_m": 48.06
      }
    },
    {
      "type": "Feature",
      "geometry": {
        "type": "LineString",
        "coordinates": [
          [
            11.028989706531283,
            48.770264451523
          ],
          [
            -95.60436353359397,
            39.47898658224318
          ]
        ]
      },
      "properties": {
        "source": "N0058",
        "target": "N0055",
        "trade_volume_usd_m": 31.96
      }
    },
    {
      "type": "Feature",
      "geometry": {
        "type": "LineString",
        "coordinates": [
          [
            8.250402553138613,
            51.83090267648058
          ],
          [
            3.569989294691796,
            54.233061914938155
          ]
        ]
      },
      "properties": {
        "source": "N0059",
        "target": "N0091",
        "trade_volume_usd_m": 22.06
      }
    },
    {
      "type": "Feature",
      "geometry": {
        "type": "LineString",
        "coordinates": [
          [
            8.250402553138613,
            51.83090267648058
          ],
          [
            9.034934706165686,
            49.349844301003344
          ]
        ]
      },
      "properties": {
        "source": "N0059",
        "target": "N0019",
        "trade_volume_usd_m": 36.82
      }
    },
    {
      "type": "Feature",
      "geometry": {
        "type": "LineString",
        "coordinates": [
          [
            5.121252148483539,
            52.76670554505478
          ],
          [
            129.2729766062875,
            33.85259046554864
          ]
        ]
      },
      "properties": {
        "source": "N0060",
        "target": "N0034",
        "trade_volume_usd_m": 46.02
      }
    },
    {
      "type": "Feature",
      "geometry": {
        "type": "LineString",
        "coordinates": [
          [
            5.121252148483539,
            52.76670554505478
          ],
          [
            -94.95883811853751,
            36.273551175224405
          ]
        ]
      },
      "properties": {
        "source": "N0060",
        "target": "N0079",
        "trade_volume_usd_m": 38.84
      }
    },
    {
      "type": "Feature",
      "geometry": {
        "type": "LineString",
        "coordinates": [
          [
            5.121252148483539,
            52.76670554505478
          ],
          [
            -51.54523297990274,
            -12.24162581988101
          ]
        ]
      },
      "properties": {
        "source": "N0060",
        "target": "N0104",
        "trade_volume_usd_m": 23.51
      }
    },
    {
      "type": "Feature",
      "geometry": {
        "type": "LineString",
        "coordinates": [
          [
            5.121252148483539,
            52.76670554505478
          ],
          [
            6.820275002768274,
            52.9003918570362
          ]
        ]
      },
      "properties": {
        "source": "N0060",
        "target": "N0222",
        "trade_volume_usd_m": 4.17
      }
    },
    {
      "type": "Feature",
      "geometry": {
        "type": "LineString",
        "coordinates": [
          [
            127.03288491520523,
            36.80640699019054
          ],
          [
            -103.38123174775662,
            22.73982992310632
          ]
        ]
      },
      "properties": {
        "source": "N0061",
        "target": "N0076",
        "trade_volume_usd_m": 42.66
      }
    },
    {
      "type": "Feature",
      "geometry": {
        "type": "LineString",
        "coordinates": [
          [
            127.03288491520523,
            36.80640699019054
          ],
          [
            129.2729766062875,
            33.85259046554864
          ]
        ]
      },
      "properties": {
        "source": "N0061",
        "target": "N0034",
        "trade_volume_usd_m": 41.62
      }
    },
    {
      "type": "Feature",
      "geometry": {
        "type": "LineString",
        "coordinates": [
          [
            127.03288491520523,
            36.80640699019054
          ],
          [
            -100.05745527312112,
            23.65710186824022
          ]
        ]
      },
      "properties": {
        "source": "N0061",
        "target": "N0041",
        "trade_volume_usd_m": 4.79
      }
    },
    {
      "type": "Feature",
      "geometry": {
        "type": "LineString",
        "coordinates": [
          [
            105.39017144626017,
            36.89475124682949
          ],
          [
            -95.34233823824357,
            38.748039651366774
          ]
        ]
      },
      "properties": {
        "source": "N0062",
        "target": "N0031",
        "trade_volume_usd_m": 23.5
      }
    },
    {
      "type": "Feature",
      "geometry": {
        "type": "LineString",
        "coordinates": [
          [
            105.39017144626017,
            36.89475124682949
          ],
          [
            -102.45492511677124,
            24.444936002642454
          ]
        ]
      },
      "properties": {
        "source": "N0062",
        "target": "N0097",
        "trade_volume_usd_m": 30.71
      }
    },
    {
      "type": "Feature",
      "geometry": {
        "type": "LineString",
        "coordinates": [
          [
            105.39017144626017,
            36.89475124682949
          ],
          [
            106.13594506112798,
            33.92264502698254
          ]
        ]
      },
      "properties": {
        "source": "N0062",
        "target": "N0217",
        "trade_volume_usd_m": 9.99
      }
    },
    {
      "type": "Feature",
      "geometry": {
        "type": "LineString",
        "coordinates": [
          [
            105.39017144626017,
            36.89475124682949
          ],
          [
            102.18452826319965,
            37.90381001185359
          ]
        ]
      },
      "properties": {
        "source": "N0062",
        "target": "N0218",
        "trade_volume_usd_m": 7.58
      }
    },
    {
      "type": "Feature",
      "geometry": {
        "type": "LineString",
        "coordinates": [
          [
            136.05288401822898,
            33.810912344954055
          ],
          [
            125.42688881087659,
            36.408814043983
          ]
        ]
      },
      "properties": {
        "source": "N0063",
        "target": "N0043",
        "trade_volume_usd_m": 24.97
      }
    },
    {
      "type": "Feature",
      "geometry": {
        "type": "LineString",
        "coordinates": [
          [
            136.05288401822898,
            33.810912344954055
          ],
          [
            -94.0226545895177,
            34.655839957774376
          ]
        ]
      },
      "properties": {
        "source": "N0063",
        "target": "N0003",
        "trade_volume_usd_m": 16.59
      }
    },
    {
      "type": "Feature",
      "geometry": {
        "type": "LineString",
        "coordinates": [
          [
            136.05288401822898,
            33.810912344954055
          ],
          [
            136.34588349921074,
            36.42178267385116
          ]
        ]
      },
      "properties": {
        "source": "N0063",
        "target": "N0215",
        "trade_volume_usd_m": 3.38
      }
    },
    {
      "type": "Feature",
      "geometry": {
        "type": "LineString",
        "coordinates": [
          [
            136.05288401822898,
            33.810912344954055
          ],
          [
            139.077165262124,
            35.07380622611359
          ]
        ]
      },
      "properties": {
        "source": "N0063",
        "target": "N0216",
        "trade_volume_usd_m": 1.29
      }
    },
    {
      "type": "Feature",
      "geometry": {
        "type": "LineString",
        "coordinates": [
          [
            -93.39347209806871,
            37.97010154743689
          ],
          [
            126.08549810985535,
            36.76636771081259
          ]
        ]
      },
      "properties": {
        "source": "N0064",
        "target": "N0027",
        "trade_volume_usd_m": 39.99
      }
    },
    {
      "type": "Feature",
      "geometry": {
        "type": "LineString",
        "coordinates": [
          [
            -93.39347209806871,
            37.97010154743689
          ],
          [
            8.730994955067823,
            51.72233561483671
          ]
        ]
      },
      "properties": {
        "source": "N0064",
        "target": "N0045",
        "trade_volume_usd_m": 17.35
      }
    },
    {
      "type": "Feature",
      "geometry": {
        "type": "LineString",
        "coordinates": [
          [
            -52.148439351818105,
            -15.48438860908265
          ],
          [
            103.7476105822453,
            35.45885591895626
          ]
        ]
      },
      "properties": {
        "source": "N0065",
        "target": "N0090",
        "trade_volume_usd_m": 28.01
      }
    },
    {
      "type": "Feature",
      "geometry": {
        "type": "LineString",
        "coordinates": [
          [
            -52.148439351818105,
            -15.48438860908265
          ],
          [
            -100.96594576391539,
            23.803185202763885
          ]
        ]
      },
      "properties": {
        "source": "N0065",
        "target": "N0113",
        "trade_volume_usd_m": 26.07
      }
    },
    {
      "type": "Feature",
      "geometry": {
        "type": "LineString",
        "coordinates": [
          [
            -52.148439351818105,
            -15.48438860908265
          ],
          [
            -97.45617312773595,
            36.64230913672955
          ]
        ]
      },
      "properties": {
        "source": "N0065",
        "target": "N0035",
        "trade_volume_usd_m": 9.96
      }
    },
    {
      "type": "Feature",
      "geometry": {
        "type": "LineString",
        "coordinates": [
          [
            -52.148439351818105,
            -15.48438860908265
          ],
          [
            -51.50447302556152,
            -15.689518664020916
          ]
        ]
      },
      "properties": {
        "source": "N0065",
        "target": "N0213",
        "trade_volume_usd_m": 5.03
      }
    },
    {
      "type": "Feature",
      "geometry": {
        "type": "LineString",
        "coordinates": [
          [
            9.550126928740031,
            51.63335937833245
          ],
          [
            -49.49543172485602,
            -12.34010874186976
          ]
        ]
      },
      "properties": {
        "source": "N0066",
        "target": "N0093",
        "trade_volume_usd_m": 20.62
      }
    },
    {
      "type": "Feature",
      "geometry": {
        "type": "LineString",
        "coordinates": [
          [
            78.02335330598454,
            19.909775446699783
          ],
          [
            103.40534357017667,
            34.80520918070752
          ]
        ]
      },
      "properties": {
        "source": "N0067",
        "target": "N0098",
        "trade_volume_usd_m": 24.07
      }
    },
    {
      "type": "Feature",
      "geometry": {
        "type": "LineString",
        "coordinates": [
          [
            78.02335330598454,
            19.909775446699783
          ],
          [
            77.51562491837798,
            21.659085100870996
          ]
        ]
      },
      "properties": {
        "source": "N0067",
        "target": "N0030",
        "trade_volume_usd_m": 35.74
      }
    },
    {
      "type": "Feature",
      "geometry": {
        "type": "LineString",
        "coordinates": [
          [
            78.02335330598454,
            19.909775446699783
          ],
          [
            107.86452847936745,
            13.291771403334268
          ]
        ]
      },
      "properties": {
        "source": "N0067",
        "target": "N0089",
        "trade_volume_usd_m": 22.68
      }
    },
    {
      "type": "Feature",
      "geometry": {
        "type": "LineString",
        "coordinates": [
          [
            78.02335330598454,
            19.909775446699783
          ],
          [
            78.88950264654927,
            20.271106708186704
          ]
        ]
      },
      "properties": {
        "source": "N0067",
        "target": "N0212",
        "trade_volume_usd_m": 2.69
      }
    },
    {
      "type": "Feature",
      "geometry": {
        "type": "LineString",
        "coordinates": [
          [
            104.67810752928769,
            35.20576987638477
          ],
          [
            5.745497914656588,
            53.42115123143409
          ]
        ]
      },
      "properties": {
        "source": "N0068",
        "target": "N0011",
        "trade_volume_usd_m": 15.06
      }
    },
    {
      "type": "Feature",
      "geometry": {
        "type": "LineString",
        "coordinates": [
          [
            104.67810752928769,
            35.20576987638477
          ],
          [
            103.37400968564562,
            33.39441847970278
          ]
        ]
      },
      "properties": {
        "source": "N0068",
        "target": "N0211",
        "trade_volume_usd_m": 3.93
      }
    },
    {
      "type": "Feature",
      "geometry": {
        "type": "LineString",
        "coordinates": [
          [
            -103.16419829335541,
            22.632019866827946
          ],
          [
            107.86452847936745,
            13.291771403334268
          ]
        ]
      },
      "properties": {
        "source": "N0069",
        "target": "N0089",
        "trade_volume_usd_m": 15.66
      }
    },
    {
      "type": "Feature",
      "geometry": {
        "type": "LineString",
        "coordinates": [
          [
            -103.16419829335541,
            22.632019866827946
          ],
          [
            -95.34233823824357,
            38.748039651366774
          ]
        ]
      },
      "properties": {
        "source": "N0069",
        "target": "N0031",
        "trade_volume_usd_m": 29.29
      }
    },
    {
      "type": "Feature",
      "geometry": {
        "type": "LineString",
        "coordinates": [
          [
            -103.16419829335541,
            22.632019866827946
          ],
          [
            -100.72450530659324,
            22.40503965682199
          ]
        ]
      },
      "properties": {
        "source": "N0069",
        "target": "N0205",
        "trade_volume_usd_m": 6.87
      }
    },
    {
      "type": "Feature",
      "geometry": {
        "type": "LineString",
        "coordinates": [
          [
            -103.16419829335541,
            22.632019866827946
          ],
          [
            -102.9335235502214,
            22.697083790274974
          ]
        ]
      },
      "properties": {
        "source": "N0069",
        "target": "N0206",
        "trade_volume_usd_m": 2.06
      }
    },
    {
      "type": "Feature",
      "geometry": {
        "type": "LineString",
        "coordinates": [
          [
            -104.91539397495335,
            24.991367062220604
          ],
          [
            11.625865908392548,
            51.51629001035291
          ]
        ]
      },
      "properties": {
        "source": "N0070",
        "target": "N0071",
        "trade_volume_usd_m": 17.52
      }
    },
    {
      "type": "Feature",
      "geometry": {
        "type": "LineString",
        "coordinates": [
          [
            -104.91539397495335,
            24.991367062220604
          ],
          [
            78.02335330598454,
            19.909775446699783
          ]
        ]
      },
      "properties": {
        "source": "N0070",
        "target": "N0067",
        "trade_volume_usd_m": 49.83
      }
    },
    {
      "type": "Feature",
      "geometry": {
        "type": "LineString",
        "coordinates": [
          [
            -104.91539397495335,
            24.991367062220604
          ],
          [
            -100.55120000042854,
            25.422977826176563
          ]
        ]
      },
      "properties": {
        "source": "N0070",
        "target": "N0204",
        "trade_volume_usd_m": 7.59
      }
    },
    {
      "type": "Feature",
      "geometry": {
        "type": "LineString",
        "coordinates": [
          [
            11.625865908392548,
            51.51629001035291
          ],
          [
            76.84485352352705,
            19.638350267381696
          ]
        ]
      },
      "properties": {
        "source": "N0071",
        "target": "N0042",
        "trade_volume_usd_m": 22.96
      }
    },
    {
      "type": "Feature",
      "geometry": {
        "type": "LineString",
        "coordinates": [
          [
            11.625865908392548,
            51.51629001035291
          ],
          [
            8.730994955067823,
            51.72233561483671
          ]
        ]
      },
      "properties": {
        "source": "N0071",
        "target": "N0045",
        "trade_volume_usd_m": 15.68
      }
    },
    {
      "type": "Feature",
      "geometry": {
        "type": "LineString",
        "coordinates": [
          [
            11.625865908392548,
            51.51629001035291
          ],
          [
            103.7476105822453,
            35.45885591895626
          ]
        ]
      },
      "properties": {
        "source": "N0071",
        "target": "N0090",
        "trade_volume_usd_m": 11.91
      }
    },
    {
      "type": "Feature",
      "geometry": {
        "type": "LineString",
        "coordinates": [
          [
            11.625865908392548,
            51.51629001035291
          ],
          [
            9.243115136678506,
            49.61811583965275
          ]
        ]
      },
      "properties": {
        "source": "N0071",
        "target": "N0202",
        "trade_volume_usd_m": 2.52
      }
    },
    {
      "type": "Feature",
      "geometry": {
        "type": "LineString",
        "coordinates": [
          [
            126.38268921396595,
            34.96008347705046
          ],
          [
            -49.90899114576112,
            -13.818741035149007
          ]
        ]
      },
      "properties": {
        "source": "N0072",
        "target": "N0024",
        "trade_volume_usd_m": 37.27
      }
    },
    {
      "type": "Feature",
      "geometry": {
        "type": "LineString",
        "coordinates": [
          [
            126.38268921396595,
            34.96008347705046
          ],
          [
            106.6031787842167,
            37.76452653623679
          ]
        ]
      },
      "properties": {
        "source": "N0072",
        "target": "N0040",
        "trade_volume_usd_m": 47.57
      }
    },
    {
      "type": "Feature",
      "geometry": {
        "type": "LineString",
        "coordinates": [
          [
            126.38268921396595,
            34.96008347705046
          ],
          [
            106.30549333791937,
            36.93064741805601
          ]
        ]
      },
      "properties": {
        "source": "N0072",
        "target": "N0015",
        "trade_volume_usd_m": 34.66
      }
    },
    {
      "type": "Feature",
      "geometry": {
        "type": "LineString",
        "coordinates": [
          [
            126.38268921396595,
            34.96008347705046
          ],
          [
            126.48045901962266,
            37.67940755002843
          ]
        ]
      },
      "properties": {
        "source": "N0072",
        "target": "N0201",
        "trade_volume_usd_m": 3.67
      }
    },
    {
      "type": "Feature",
      "geometry": {
        "type": "LineString",
        "coordinates": [
          [
            -97.01652411551079,
            38.60903835197457
          ],
          [
            126.08549810985535,
            36.76636771081259
          ]
        ]
      },
      "properties": {
        "source": "N0073",
        "target": "N0027",
        "trade_volume_usd_m": 37.06
      }
    },
    {
      "type": "Feature",
      "geometry": {
        "type": "LineString",
        "coordinates": [
          [
            137.9261716026641,
            34.63697170458971
          ],
          [
            -49.49543172485602,
            -12.34010874186976
          ]
        ]
      },
      "properties": {
        "source": "N0074",
        "target": "N0093",
        "trade_volume_usd_m": 48.84
      }
    },
    {
      "type": "Feature",
      "geometry": {
        "type": "LineString",
        "coordinates": [
          [
            137.9261716026641,
            34.63697170458971
          ],
          [
            -103.38123174775662,
            22.73982992310632
          ]
        ]
      },
      "properties": {
        "source": "N0074",
        "target": "N0076",
        "trade_volume_usd_m": 26.47
      }
    },
    {
      "type": "Feature",
      "geometry": {
        "type": "LineString",
        "coordinates": [
          [
            125.77920846315935,
            36.90033203337425
          ],
          [
            125.42505875734875,
            34.916338297578555
          ]
        ]
      },
      "properties": {
        "source": "N0075",
        "target": "N0012",
        "trade_volume_usd_m": 10.11
      }
    },
    {
      "type": "Feature",
      "geometry": {
        "type": "LineString",
        "coordinates": [
          [
            125.77920846315935,
            36.90033203337425
          ],
          [
            104.32482067707913,
            36.67448052152414
          ]
        ]
      },
      "properties": {
        "source": "N0075",
        "target": "N0107",
        "trade_volume_usd_m": 11.76
      }
    },
    {
      "type": "Feature",
      "geometry": {
        "type": "LineString",
        "coordinates": [
          [
            125.77920846315935,
            36.90033203337425
          ],
          [
            127.2713115474252,
            37.693244719637754
          ]
        ]
      },
      "properties": {
        "source": "N0075",
        "target": "N0196",
        "trade_volume_usd_m": 6.33
      }
    },
    {
      "type": "Feature",
      "geometry": {
        "type": "LineString",
        "coordinates": [
          [
            125.77920846315935,
            36.90033203337425
          ],
          [
            130.07129435829245,
            37.07794220663052
          ]
        ]
      },
      "properties": {
        "source": "N0075",
        "target": "N0197",
        "trade_volume_usd_m": 7.19
      }
    },
    {
      "type": "Feature",
      "geometry": {
        "type": "LineString",
        "coordinates": [
          [
            -103.38123174775662,
            22.73982992310632
          ],
          [
            76.68470121748018,
            21.162662642659043
          ]
        ]
      },
      "properties": {
        "source": "N0076",
        "target": "N0038",
        "trade_volume_usd_m": 1.2
      }
    },
    {
      "type": "Feature",
      "geometry": {
        "type": "LineString",
        "coordinates": [
          [
            -103.38123174775662,
            22.73982992310632
          ],
          [
            -100.8769413224699,
            23.470264789034314
          ]
        ]
      },
      "properties": {
        "source": "N0076",
        "target": "N0193",
        "trade_volume_usd_m": 3.16
      }
    },
    {
      "type": "Feature",
      "geometry": {
        "type": "LineString",
        "coordinates": [
          [
            107.97215366280693,
            15.727694457786544
          ],
          [
            109.78454385492614,
            13.53481702000372
          ]
        ]
      },
      "properties": {
        "source": "N0077",
        "target": "N0016",
        "trade_volume_usd_m": 48.73
      }
    },
    {
      "type": "Feature",
      "geometry": {
        "type": "LineString",
        "coordinates": [
          [
            107.97215366280693,
            15.727694457786544
          ],
          [
            -97.45617312773595,
            36.64230913672955
          ]
        ]
      },
      "properties": {
        "source": "N0077",
        "target": "N0035",
        "trade_volume_usd_m": 27.89
      }
    },
    {
      "type": "Feature",
      "geometry": {
        "type": "LineString",
        "coordinates": [
          [
            107.97215366280693,
            15.727694457786544
          ],
          [
            -102.69868246238775,
            26.108224177552312
          ]
        ]
      },
      "properties": {
        "source": "N0077",
        "target": "N0005",
        "trade_volume_usd_m": 35.02
      }
    },
    {
      "type": "Feature",
      "geometry": {
        "type": "LineString",
        "coordinates": [
          [
            3.6364211627821748,
            53.90767596992443
          ],
          [
            102.65401902925748,
            36.00813814154196
          ]
        ]
      },
      "properties": {
        "source": "N0078",
        "target": "N0082",
        "trade_volume_usd_m": 43.49
      }
    },
    {
      "type": "Feature",
      "geometry": {
        "type": "LineString",
        "coordinates": [
          [
            3.6364211627821748,
            53.90767596992443
          ],
          [
            2.905623782131584,
            50.71802438926799
          ]
        ]
      },
      "properties": {
        "source": "N0078",
        "target": "N0187",
        "trade_volume_usd_m": 2.23
      }
    },
    {
      "type": "Feature",
      "geometry": {
        "type": "LineString",
        "coordinates": [
          [
            3.6364211627821748,
            53.90767596992443
          ],
          [
            4.703750514411338,
            52.02744807795051
          ]
        ]
      },
      "properties": {
        "source": "N0078",
        "target": "N0188",
        "trade_volume_usd_m": 7.1
      }
    },
    {
      "type": "Feature",
      "geometry": {
        "type": "LineString",
        "coordinates": [
          [
            -94.95883811853751,
            36.273551175224405
          ],
          [
            138.11374544332733,
            38.02763618489473
          ]
        ]
      },
      "properties": {
        "source": "N0079",
        "target": "N0013",
        "trade_volume_usd_m": 1.11
      }
    },
    {
      "type": "Feature",
      "geometry": {
        "type": "LineString",
        "coordinates": [
          [
            -94.95883811853751,
            36.273551175224405
          ],
          [
            8.936668360316046,
            50.42920815098298
          ]
        ]
      },
      "properties": {
        "source": "N0079",
        "target": "N0112",
        "trade_volume_usd_m": 14.57
      }
    },
    {
      "type": "Feature",
      "geometry": {
        "type": "LineString",
        "coordinates": [
          [
            -102.79448907857389,
            25.55449135960644
          ],
          [
            -98.1527125681789,
            37.33215233843431
          ]
        ]
      },
      "properties": {
        "source": "N0080",
        "target": "N0056",
        "trade_volume_usd_m": 9.63
      }
    },
    {
      "type": "Feature",
      "geometry": {
        "type": "LineString",
        "coordinates": [
          [
            -102.79448907857389,
            25.55449135960644
          ],
          [
            125.42688881087659,
            36.408814043983
          ]
        ]
      },
      "properties": {
        "source": "N0080",
        "target": "N0043",
        "trade_volume_usd_m": 3.04
      }
    },
    {
      "type": "Feature",
      "geometry": {
        "type": "LineString",
        "coordinates": [
          [
            -104.44540337644857,
            22.255139213614424
          ],
          [
            7.184064001277409,
            53.22411962032902
          ]
        ]
      },
      "properties": {
        "source": "N0081",
        "target": "N0014",
        "trade_volume_usd_m": 3.73
      }
    },
    {
      "type": "Feature",
      "geometry": {
        "type": "LineString",
        "coordinates": [
          [
            -104.44540337644857,
            22.255139213614424
          ],
          [
            -103.55055965635754,
            21.989107952683685
          ]
        ]
      },
      "properties": {
        "source": "N0081",
        "target": "N0106",
        "trade_volume_usd_m": 24.84
      }
    },
    {
      "type": "Feature",
      "geometry": {
        "type": "LineString",
        "coordinates": [
          [
            -104.44540337644857,
            22.255139213614424
          ],
          [
            -100.78180263546952,
            23.196003404379823
          ]
        ]
      },
      "properties": {
        "source": "N0081",
        "target": "N0185",
        "trade_volume_usd_m": 0.28
      }
    },
    {
      "type": "Feature",
      "geometry": {
        "type": "LineString",
        "coordinates": [
          [
            102.65401902925748,
            36.00813814154196
          ],
          [
            -102.79448907857389,
            25.55449135960644
          ]
        ]
      },
      "properties": {
        "source": "N0082",
        "target": "N0080",
        "trade_volume_usd_m": 8.01
      }
    },
    {
      "type": "Feature",
      "geometry": {
        "type": "LineString",
        "coordinates": [
          [
            102.65401902925748,
            36.00813814154196
          ],
          [
            137.10587246957127,
            37.669309622420826
          ]
        ]
      },
      "properties": {
        "source": "N0082",
        "target": "N0088",
        "trade_volume_usd_m": 40.65
      }
    },
    {
      "type": "Feature",
      "geometry": {
        "type": "LineString",
        "coordinates": [
          [
            102.65401902925748,
            36.00813814154196
          ],
          [
            5.171766043496675,
            53.812307256371945
          ]
        ]
      },
      "properties": {
        "source": "N0082",
        "target": "N0006",
        "trade_volume_usd_m": 47.48
      }
    },
    {
      "type": "Feature",
      "geometry": {
        "type": "LineString",
        "coordinates": [
          [
            12.142381895141128,
            52.703886188127285
          ],
          [
            -95.34233823824357,
            38.748039651366774
          ]
        ]
      },
      "properties": {
        "source": "N0083",
        "target": "N0031",
        "trade_volume_usd_m": 6.36
      }
    },
    {
      "type": "Feature",
      "geometry": {
        "type": "LineString",
        "coordinates": [
          [
            12.142381895141128,
            52.703886188127285
          ],
          [
            12.717127773893445,
            52.12566203959415
          ]
        ]
      },
      "properties": {
        "source": "N0083",
        "target": "N0183",
        "trade_volume_usd_m": 2.46
      }
    },
    {
      "type": "Feature",
      "geometry": {
        "type": "LineString",
        "coordinates": [
          [
            4.182960710082563,
            50.54793156652628
          ],
          [
            107.97215366280693,
            15.727694457786544
          ]
        ]
      },
      "properties": {
        "source": "N0084",
        "target": "N0077",
        "trade_volume_usd_m": 39.64
      }
    },
    {
      "type": "Feature",
      "geometry": {
        "type": "LineString",
        "coordinates": [
          [
            4.182960710082563,
            50.54793156652628
          ],
          [
            -103.38123174775662,
            22.73982992310632
          ]
        ]
      },
      "properties": {
        "source": "N0084",
        "target": "N0076",
        "trade_volume_usd_m": 11.67
      }
    },
    {
      "type": "Feature",
      "geometry": {
        "type": "LineString",
        "coordinates": [
          [
            4.182960710082563,
            50.54793156652628
          ],
          [
            6.384553204555259,
            51.84526762792722
          ]
        ]
      },
      "properties": {
        "source": "N0084",
        "target": "N0179",
        "trade_volume_usd_m": 0.67
      }
    },
    {
      "type": "Feature",
      "geometry": {
        "type": "LineString",
        "coordinates": [
          [
            4.182960710082563,
            50.54793156652628
          ],
          [
            4.126786812247795,
            50.560555169891
          ]
        ]
      },
      "properties": {
        "source": "N0084",
        "target": "N0180",
        "trade_volume_usd_m": 2.76
      }
    },
    {
      "type": "Feature",
      "geometry": {
        "type": "LineString",
        "coordinates": [
          [
            -95.00031371751673,
            38.62613209083477
          ],
          [
            127.15894619706091,
            37.893298207138
          ]
        ]
      },
      "properties": {
        "source": "N0085",
        "target": "N0048",
        "trade_volume_usd_m": 22.41
      }
    },
    {
      "type": "Feature",
      "geometry": {
        "type": "LineString",
        "coordinates": [
          [
            -95.00031371751673,
            38.62613209083477
          ],
          [
            -95.31017393101466,
            36.666051719019414
          ]
        ]
      },
      "properties": {
        "source": "N0085",
        "target": "N0057",
        "trade_volume_usd_m": 43.08
      }
    },
    {
      "type": "Feature",
      "geometry": {
        "type": "LineString",
        "coordinates": [
          [
            -95.00031371751673,
            38.62613209083477
          ],
          [
            12.262772840271799,
            51.81303605150042
          ]
        ]
      },
      "properties": {
        "source": "N0085",
        "target": "N0117",
        "trade_volume_usd_m": 49.51
      }
    },
    {
      "type": "Feature",
      "geometry": {
        "type": "LineString",
        "coordinates": [
          [
            4.516414024437992,
            53.661289205675274
          ],
          [
            126.38268921396595,
            34.96008347705046
          ]
        ]
      },
      "properties": {
        "source": "N0086",
        "target": "N0072",
        "trade_volume_usd_m": 3.48
      }
    },
    {
      "type": "Feature",
      "geometry": {
        "type": "LineString",
        "coordinates": [
          [
            4.516414024437992,
            53.661289205675274
          ],
          [
            -94.95883811853751,
            36.273551175224405
          ]
        ]
      },
      "properties": {
        "source": "N0086",
        "target": "N0079",
        "trade_volume_usd_m": 48.03
      }
    },
    {
      "type": "Feature",
      "geometry": {
        "type": "LineString",
        "coordinates": [
          [
            4.516414024437992,
            53.661289205675274
          ],
          [
            3.536636992789185,
            54.11700647382271
          ]
        ]
      },
      "properties": {
        "source": "N0086",
        "target": "N0176",
        "trade_volume_usd_m": 0.74
      }
    },
    {
      "type": "Feature",
      "geometry": {
        "type": "LineString",
        "coordinates": [
          [
            4.516414024437992,
            53.661289205675274
          ],
          [
            6.530774038564459,
            50.10930365420723
          ]
        ]
      },
      "properties": {
        "source": "N0086",
        "target": "N0177",
        "trade_volume_usd_m": 1.14
      }
    },
    {
      "type": "Feature",
      "geometry": {
        "type": "LineString",
        "coordinates": [
          [
            9.409714454352766,
            49.31844568898054
          ],
          [
            103.40534357017667,
            34.80520918070752
          ]
        ]
      },
      "properties": {
        "source": "N0087",
        "target": "N0098",
        "trade_volume_usd_m": 10.79
      }
    },
    {
      "type": "Feature",
      "geometry": {
        "type": "LineString",
        "coordinates": [
          [
            9.409714454352766,
            49.31844568898054
          ],
          [
            8.75310245660212,
            52.40704500373793
          ]
        ]
      },
      "properties": {
        "source": "N0087",
        "target": "N0172",
        "trade_volume_usd_m": 1.46
      }
    },
    {
      "type": "Feature",
      "geometry": {
        "type": "LineString",
        "coordinates": [
          [
            9.409714454352766,
            49.31844568898054
          ],
          [
            11.730580110096373,
            52.124190551057644
          ]
        ]
      },
      "properties": {
        "source": "N0087",
        "target": "N0173",
        "trade_volume_usd_m": 4.92
      }
    },
    {
      "type": "Feature",
      "geometry": {
        "type": "LineString",
        "coordinates": [
          [
            137.10587246957127,
            37.669309622420826
          ],
          [
            140.69903007460792,
            37.969712442113405
          ]
        ]
      },
      "properties": {
        "source": "N0088",
        "target": "N0033",
        "trade_volume_usd_m": 33.19
      }
    },
    {
      "type": "Feature",
      "geometry": {
        "type": "LineString",
        "coordinates": [
          [
            137.10587246957127,
            37.669309622420826
          ],
          [
            138.2515480531478,
            34.11630243418085
          ]
        ]
      },
      "properties": {
        "source": "N0088",
        "target": "N0170",
        "trade_volume_usd_m": 3.98
      }
    },
    {
      "type": "Feature",
      "geometry": {
        "type": "LineString",
        "coordinates": [
          [
            137.10587246957127,
            37.669309622420826
          ],
          [
            137.81415686173747,
            38.5652822870571
          ]
        ]
      },
      "properties": {
        "source": "N0088",
        "target": "N0171",
        "trade_volume_usd_m": 0.82
      }
    },
    {
      "type": "Feature",
      "geometry": {
        "type": "LineString",
        "coordinates": [
          [
            107.86452847936745,
            13.291771403334268
          ],
          [
            77.51562491837798,
            21.659085100870996
          ]
        ]
      },
      "properties": {
        "source": "N0089",
        "target": "N0030",
        "trade_volume_usd_m": 9.1
      }
    },
    {
      "type": "Feature",
      "geometry": {
        "type": "LineString",
        "coordinates": [
          [
            103.7476105822453,
            35.45885591895626
          ],
          [
            103.88080933313715,
            38.18740069449102
          ]
        ]
      },
      "properties": {
        "source": "N0090",
        "target": "N0020",
        "trade_volume_usd_m": 0.63
      }
    },
    {
      "type": "Feature",
      "geometry": {
        "type": "LineString",
        "coordinates": [
          [
            3.569989294691796,
            54.233061914938155
          ],
          [
            137.10587246957127,
            37.669309622420826
          ]
        ]
      },
      "properties": {
        "source": "N0091",
        "target": "N0088",
        "trade_volume_usd_m": 23.76
      }
    },
    {
      "type": "Feature",
      "geometry": {
        "type": "LineString",
        "coordinates": [
          [
            3.569989294691796,
            54.233061914938155
          ],
          [
            -103.38123174775662,
            22.73982992310632
          ]
        ]
      },
      "properties": {
        "source": "N0091",
        "target": "N0076",
        "trade_volume_usd_m": 2.12
      }
    },
    {
      "type": "Feature",
      "geometry": {
        "type": "LineString",
        "coordinates": [
          [
            12.666339179595543,
            48.69330897291573
          ],
          [
            103.7476105822453,
            35.45885591895626
          ]
        ]
      },
      "properties": {
        "source": "N0092",
        "target": "N0090",
        "trade_volume_usd_m": 35.3
      }
    },
    {
      "type": "Feature",
      "geometry": {
        "type": "LineString",
        "coordinates": [
          [
            12.666339179595543,
            48.69330897291573
          ],
          [
            -101.20604056361327,
            22.59945623409531
          ]
        ]
      },
      "properties": {
        "source": "N0092",
        "target": "N0036",
        "trade_volume_usd_m": 22.97
      }
    },
    {
      "type": "Feature",
      "geometry": {
        "type": "LineString",
        "coordinates": [
          [
            -49.49543172485602,
            -12.34010874186976
          ],
          [
            138.5955375173716,
            38.22347992256118
          ]
        ]
      },
      "properties": {
        "source": "N0093",
        "target": "N0029",
        "trade_volume_usd_m": 39.5
      }
    },
    {
      "type": "Feature",
      "geometry": {
        "type": "LineString",
        "coordinates": [
          [
            -49.49543172485602,
            -12.34010874186976
          ],
          [
            127.90633089213341,
            34.752930556017496
          ]
        ]
      },
      "properties": {
        "source": "N0093",
        "target": "N0119",
        "trade_volume_usd_m": 31.44
      }
    },
    {
      "type": "Feature",
      "geometry": {
        "type": "LineString",
        "coordinates": [
          [
            -49.49543172485602,
            -12.34010874186976
          ],
          [
            140.69903007460792,
            37.969712442113405
          ]
        ]
      },
      "properties": {
        "source": "N0093",
        "target": "N0033",
        "trade_volume_usd_m": 33.23
      }
    },
    {
      "type": "Feature",
      "geometry": {
        "type": "LineString",
        "coordinates": [
          [
            -49.49543172485602,
            -12.34010874186976
          ],
          [
            -53.53113779284161,
            -15.529369687499491
          ]
        ]
      },
      "properties": {
        "source": "N0093",
        "target": "N0165",
        "trade_volume_usd_m": 5.6
      }
    },
    {
      "type": "Feature",
      "geometry": {
        "type": "LineString",
        "coordinates": [
          [
            -49.49543172485602,
            -12.34010874186976
          ],
          [
            -51.35009509726937,
            -15.490169595549215
          ]
        ]
      },
      "properties": {
        "source": "N0093",
        "target": "N0166",
        "trade_volume_usd_m": 0.66
      }
    },
    {
      "type": "Feature",
      "geometry": {
        "type": "LineString",
        "coordinates": [
          [
            -49.679194168084884,
            -14.568238436621744
          ],
          [
            4.295434305870748,
            50.81817809732392
          ]
        ]
      },
      "properties": {
        "source": "N0094",
        "target": "N0054",
        "trade_volume_usd_m": 6.18
      }
    },
    {
      "type": "Feature",
      "geometry": {
        "type": "LineString",
        "coordinates": [
          [
            -49.679194168084884,
            -14.568238436621744
          ],
          [
            -52.80876566240852,
            -16.43430250860311
          ]
        ]
      },
      "properties": {
        "source": "N0094",
        "target": "N0163",
        "trade_volume_usd_m": 0.29
      }
    },
    {
      "type": "Feature",
      "geometry": {
        "type": "LineString",
        "coordinates": [
          [
            -103.93954631863839,
            25.766886072056693
          ],
          [
            102.65401902925748,
            36.00813814154196
          ]
        ]
      },
      "properties": {
        "source": "N0095",
        "target": "N0082",
        "trade_volume_usd_m": 7.87
      }
    },
    {
      "type": "Feature",
      "geometry": {
        "type": "LineString",
        "coordinates": [
          [
            -100.86650660360677,
            24.857615045632095
          ],
          [
            -103.55055965635754,
            21.989107952683685
          ]
        ]
      },
      "properties": {
        "source": "N0096",
        "target": "N0106",
        "trade_volume_usd_m": 4.03
      }
    },
    {
      "type": "Feature",
      "geometry": {
        "type": "LineString",
        "coordinates": [
          [
            -100.86650660360677,
            24.857615045632095
          ],
          [
            -53.942728451345616,
            -12.345666698309792
          ]
        ]
      },
      "properties": {
        "source": "N0096",
        "target": "N0018",
        "trade_volume_usd_m": 8.71
      }
    },
    {
      "type": "Feature",
      "geometry": {
        "type": "LineString",
        "coordinates": [
          [
            -102.45492511677124,
            24.444936002642454
          ],
          [
            -103.38123174775662,
            22.73982992310632
          ]
        ]
      },
      "properties": {
        "source": "N0097",
        "target": "N0076",
        "trade_volume_usd_m": 41.3
      }
    },
    {
      "type": "Feature",
      "geometry": {
        "type": "LineString",
        "coordinates": [
          [
            -102.45492511677124,
            24.444936002642454
          ],
          [
            -103.93954631863839,
            25.766886072056693
          ]
        ]
      },
      "properties": {
        "source": "N0097",
        "target": "N0095",
        "trade_volume_usd_m": 46.1
      }
    },
    {
      "type": "Feature",
      "geometry": {
        "type": "LineString",
        "coordinates": [
          [
            -102.45492511677124,
            24.444936002642454
          ],
          [
            -104.51628151258593,
            24.705789639290614
          ]
        ]
      },
      "properties": {
        "source": "N0097",
        "target": "N0161",
        "trade_volume_usd_m": 2.48
      }
    },
    {
      "type": "Feature",
      "geometry": {
        "type": "LineString",
        "coordinates": [
          [
            -102.45492511677124,
            24.444936002642454
          ],
          [
            -100.37718827749343,
            24.874824606922026
          ]
        ]
      },
      "properties": {
        "source": "N0097",
        "target": "N0162",
        "trade_volume_usd_m": 8.36
      }
    },
    {
      "type": "Feature",
      "geometry": {
        "type": "LineString",
        "coordinates": [
          [
            103.40534357017667,
            34.80520918070752
          ],
          [
            106.30549333791937,
            36.93064741805601
          ]
        ]
      },
      "properties": {
        "source": "N0098",
        "target": "N0015",
        "trade_volume_usd_m": 34.59
      }
    },
    {
      "type": "Feature",
      "geometry": {
        "type": "LineString",
        "coordinates": [
          [
            103.40534357017667,
            34.80520918070752
          ],
          [
            8.250402553138613,
            51.83090267648058
          ]
        ]
      },
      "properties": {
        "source": "N0098",
        "target": "N0059",
        "trade_volume_usd_m": 35.14
      }
    },
    {
      "type": "Feature",
      "geometry": {
        "type": "LineString",
        "coordinates": [
          [
            102.04033812053432,
            34.4973316817556
          ],
          [
            -93.39347209806871,
            37.97010154743689
          ]
        ]
      },
      "properties": {
        "source": "N0099",
        "target": "N0064",
        "trade_volume_usd_m": 24.94
      }
    },
    {
      "type": "Feature",
      "geometry": {
        "type": "LineString",
        "coordinates": [
          [
            102.04033812053432,
            34.4973316817556
          ],
          [
            -103.16419829335541,
            22.632019866827946
          ]
        ]
      },
      "properties": {
        "source": "N0099",
        "target": "N0069",
        "trade_volume_usd_m": 4.48
      }
    },
    {
      "type": "Feature",
      "geometry": {
        "type": "LineString",
        "coordinates": [
          [
            4.225055886208874,
            52.57338859509543
          ],
          [
            80.4183595944106,
            18.946511303762218
          ]
        ]
      },
      "properties": {
        "source": "N0100",
        "target": "N0114",
        "trade_volume_usd_m": 21.89
      }
    },
    {
      "type": "Feature",
      "geometry": {
        "type": "LineString",
        "coordinates": [
          [
            4.225055886208874,
            52.57338859509543
          ],
          [
            6.970909756435051,
            52.99767384715085
          ]
        ]
      },
      "properties": {
        "source": "N0100",
        "target": "N0157",
        "trade_volume_usd_m": 9.47
      }
    },
    {
      "type": "Feature",
      "geometry": {
        "type": "LineString",
        "coordinates": [
          [
            4.225055886208874,
            52.57338859509543
          ],
          [
            5.685382095105279,
            54.392056592274265
          ]
        ]
      },
      "properties": {
        "source": "N0100",
        "target": "N0158",
        "trade_volume_usd_m": 0.37
      }
    },
    {
      "type": "Feature",
      "geometry": {
        "type": "LineString",
        "coordinates": [
          [
            8.175384050426798,
            52.72095939504109
          ],
          [
            107.97215366280693,
            15.727694457786544
          ]
        ]
      },
      "properties": {
        "source": "N0101",
        "target": "N0077",
        "trade_volume_usd_m": 1.78
      }
    },
    {
      "type": "Feature",
      "geometry": {
        "type": "LineString",
        "coordinates": [
          [
            8.175384050426798,
            52.72095939504109
          ],
          [
            76.77730288572614,
            19.514787309931027
          ]
        ]
      },
      "properties": {
        "source": "N0101",
        "target": "N0032",
        "trade_volume_usd_m": 11.83
      }
    },
    {
      "type": "Feature",
      "geometry": {
        "type": "LineString",
        "coordinates": [
          [
            8.175384050426798,
            52.72095939504109
          ],
          [
            8.446497961104175,
            49.12899437980062
          ]
        ]
      },
      "properties": {
        "source": "N0101",
        "target": "N0153",
        "trade_volume_usd_m": 1.11
      }
    },
    {
      "type": "Feature",
      "geometry": {
        "type": "LineString",
        "coordinates": [
          [
            8.175384050426798,
            52.72095939504109
          ],
          [
            8.845768024751784,
            53.07233958422246
          ]
        ]
      },
      "properties": {
        "source": "N0101",
        "target": "N0154",
        "trade_volume_usd_m": 6.28
      }
    },
    {
      "type": "Feature",
      "geometry": {
        "type": "LineString",
        "coordinates": [
          [
            109.24852803648628,
            16.07804640900171
          ],
          [
            81.15521231625544,
            20.158752238647885
          ]
        ]
      },
      "properties": {
        "source": "N0102",
        "target": "N0108",
        "trade_volume_usd_m": 29.56
      }
    },
    {
      "type": "Feature",
      "geometry": {
        "type": "LineString",
        "coordinates": [
          [
            109.24852803648628,
            16.07804640900171
          ],
          [
            -94.29837444106607,
            36.97598748339532
          ]
        ]
      },
      "properties": {
        "source": "N0102",
        "target": "N0111",
        "trade_volume_usd_m": 1.53
      }
    },
    {
      "type": "Feature",
      "geometry": {
        "type": "LineString",
        "coordinates": [
          [
            109.24852803648628,
            16.07804640900171
          ],
          [
            -97.01652411551079,
            38.60903835197457
          ]
        ]
      },
      "properties": {
        "source": "N0102",
        "target": "N0073",
        "trade_volume_usd_m": 38.36
      }
    },
    {
      "type": "Feature",
      "geometry": {
        "type": "LineString",
        "coordinates": [
          [
            109.24852803648628,
            16.07804640900171
          ],
          [
            106.0015643050971,
            15.431520101602135
          ]
        ]
      },
      "properties": {
        "source": "N0102",
        "target": "N0152",
        "trade_volume_usd_m": 4.78
      }
    },
    {
      "type": "Feature",
      "geometry": {
        "type": "LineString",
        "coordinates": [
          [
            140.23283582492024,
            38.31927399778621
          ],
          [
            -97.01652411551079,
            38.60903835197457
          ]
        ]
      },
      "properties": {
        "source": "N0103",
        "target": "N0073",
        "trade_volume_usd_m": 38.27
      }
    },
    {
      "type": "Feature",
      "geometry": {
        "type": "LineString",
        "coordinates": [
          [
            140.23283582492024,
            38.31927399778621
          ],
          [
            -102.69868246238775,
            26.108224177552312
          ]
        ]
      },
      "properties": {
        "source": "N0103",
        "target": "N0005",
        "trade_volume_usd_m": 9.17
      }
    },
    {
      "type": "Feature",
      "geometry": {
        "type": "LineString",
        "coordinates": [
          [
            140.23283582492024,
            38.31927399778621
          ],
          [
            138.56921977296363,
            37.36867588156425
          ]
        ]
      },
      "properties": {
        "source": "N0103",
        "target": "N0149",
        "trade_volume_usd_m": 2.31
      }
    },
    {
      "type": "Feature",
      "geometry": {
        "type": "LineString",
        "coordinates": [
          [
            140.23283582492024,
            38.31927399778621
          ],
          [
            138.68879384981773,
            34.21566622449535
          ]
        ]
      },
      "properties": {
        "source": "N0103",
        "target": "N0150",
        "trade_volume_usd_m": 6.17
      }
    },
    {
      "type": "Feature",
      "geometry": {
        "type": "LineString",
        "coordinates": [
          [
            -51.54523297990274,
            -12.24162581988101
          ],
          [
            12.142381895141128,
            52.703886188127285
          ]
        ]
      },
      "properties": {
        "source": "N0104",
        "target": "N0083",
        "trade_volume_usd_m": 14.27
      }
    },
    {
      "type": "Feature",
      "geometry": {
        "type": "LineString",
        "coordinates": [
          [
            -51.54523297990274,
            -12.24162581988101
          ],
          [
            -98.1527125681789,
            37.33215233843431
          ]
        ]
      },
      "properties": {
        "source": "N0104",
        "target": "N0056",
        "trade_volume_usd_m": 49.85
      }
    },
    {
      "type": "Feature",
      "geometry": {
        "type": "LineString",
        "coordinates": [
          [
            -51.54523297990274,
            -12.24162581988101
          ],
          [
            103.05698516846667,
            33.60965926097665
          ]
        ]
      },
      "properties": {
        "source": "N0104",
        "target": "N0118",
        "trade_volume_usd_m": 22.08
      }
    },
    {
      "type": "Feature",
      "geometry": {
        "type": "LineString",
        "coordinates": [
          [
            -51.54523297990274,
            -12.24162581988101
          ],
          [
            -49.993282499828204,
            -13.428551982872495
          ]
        ]
      },
      "properties": {
        "source": "N0104",
        "target": "N0147",
        "trade_volume_usd_m": 9.51
      }
    },
    {
      "type": "Feature",
      "geometry": {
        "type": "LineString",
        "coordinates": [
          [
            109.5064913365548,
            11.625722483435565
          ],
          [
            5.745497914656588,
            53.42115123143409
          ]
        ]
      },
      "properties": {
        "source": "N0105",
        "target": "N0011",
        "trade_volume_usd_m": 17.72
      }
    },
    {
      "type": "Feature",
      "geometry": {
        "type": "LineString",
        "coordinates": [
          [
            109.5064913365548,
            11.625722483435565
          ],
          [
            5.121252148483539,
            52.76670554505478
          ]
        ]
      },
      "properties": {
        "source": "N0105",
        "target": "N0060",
        "trade_volume_usd_m": 17.0
      }
    },
    {
      "type": "Feature",
      "geometry": {
        "type": "LineString",
        "coordinates": [
          [
            109.5064913365548,
            11.625722483435565
          ],
          [
            108.10071607152207,
            12.870898628884962
          ]
        ]
      },
      "properties": {
        "source": "N0105",
        "target": "N0145",
        "trade_volume_usd_m": 1.32
      }
    },
    {
      "type": "Feature",
      "geometry": {
        "type": "LineString",
        "coordinates": [
          [
            109.5064913365548,
            11.625722483435565
          ],
          [
            109.84610852969912,
            12.17573024612151
          ]
        ]
      },
      "properties": {
        "source": "N0105",
        "target": "N0146",
        "trade_volume_usd_m": 3.19
      }
    },
    {
      "type": "Feature",
      "geometry": {
        "type": "LineString",
        "coordinates": [
          [
            -103.55055965635754,
            21.989107952683685
          ],
          [
            138.11374544332733,
            38.02763618489473
          ]
        ]
      },
      "properties": {
        "source": "N0106",
        "target": "N0013",
        "trade_volume_usd_m": 16.83
      }
    },
    {
      "type": "Feature",
      "geometry": {
        "type": "LineString",
        "coordinates": [
          [
            -103.55055965635754,
            21.989107952683685
          ],
          [
            -93.90167641770165,
            35.85237422123516
          ]
        ]
      },
      "properties": {
        "source": "N0106",
        "target": "N0110",
        "trade_volume_usd_m": 34.84
      }
    },
    {
      "type": "Feature",
      "geometry": {
        "type": "LineString",
        "coordinates": [
          [
            -103.55055965635754,
            21.989107952683685
          ],
          [
            103.88080933313715,
            38.18740069449102
          ]
        ]
      },
      "properties": {
        "source": "N0106",
        "target": "N0020",
        "trade_volume_usd_m": 14.77
      }
    },
    {
      "type": "Feature",
      "geometry": {
        "type": "LineString",
        "coordinates": [
          [
            -103.55055965635754,
            21.989107952683685
          ],
          [
            -102.92555727271584,
            21.48790498566394
          ]
        ]
      },
      "properties": {
        "source": "N0106",
        "target": "N0141",
        "trade_volume_usd_m": 1.13
      }
    },
    {
      "type": "Feature",
      "geometry": {
        "type": "LineString",
        "coordinates": [
          [
            -103.55055965635754,
            21.989107952683685
          ],
          [
            -100.65165356740003,
            23.25927528211347
          ]
        ]
      },
      "properties": {
        "source": "N0106",
        "target": "N0142",
        "trade_volume_usd_m": 9.85
      }
    },
    {
      "type": "Feature",
      "geometry": {
        "type": "LineString",
        "coordinates": [
          [
            104.32482067707913,
            36.67448052152414
          ],
          [
            -51.54523297990274,
            -12.24162581988101
          ]
        ]
      },
      "properties": {
        "source": "N0107",
        "target": "N0104",
        "trade_volume_usd_m": 27.73
      }
    },
    {
      "type": "Feature",
      "geometry": {
        "type": "LineString",
        "coordinates": [
          [
            104.32482067707913,
            36.67448052152414
          ],
          [
            -102.45492511677124,
            24.444936002642454
          ]
        ]
      },
      "properties": {
        "source": "N0107",
        "target": "N0097",
        "trade_volume_usd_m": 23.01
      }
    },
    {
      "type": "Feature",
      "geometry": {
        "type": "LineString",
        "coordinates": [
          [
            81.15521231625544,
            20.158752238647885
          ],
          [
            76.77730288572614,
            19.514787309931027
          ]
        ]
      },
      "properties": {
        "source": "N0108",
        "target": "N0032",
        "trade_volume_usd_m": 6.24
      }
    },
    {
      "type": "Feature",
      "geometry": {
        "type": "LineString",
        "coordinates": [
          [
            81.15521231625544,
            20.158752238647885
          ],
          [
            -100.05745527312112,
            23.65710186824022
          ]
        ]
      },
      "properties": {
        "source": "N0108",
        "target": "N0041",
        "trade_volume_usd_m": 38.74
      }
    },
    {
      "type": "Feature",
      "geometry": {
        "type": "LineString",
        "coordinates": [
          [
            4.496763287089976,
            52.69081954812957
          ],
          [
            109.5064913365548,
            11.625722483435565
          ]
        ]
      },
      "properties": {
        "source": "N0109",
        "target": "N0105",
        "trade_volume_usd_m": 43.53
      }
    },
    {
      "type": "Feature",
      "geometry": {
        "type": "LineString",
        "coordinates": [
          [
            4.496763287089976,
            52.69081954812957
          ],
          [
            104.42114612647975,
            34.549823135459455
          ]
        ]
      },
      "properties": {
        "source": "N0109",
        "target": "N0000",
        "trade_volume_usd_m": 23.37
      }
    },
    {
      "type": "Feature",
      "geometry": {
        "type": "LineString",
        "coordinates": [
          [
            4.496763287089976,
            52.69081954812957
          ],
          [
            4.182960710082563,
            50.54793156652628
          ]
        ]
      },
      "properties": {
        "source": "N0109",
        "target": "N0084",
        "trade_volume_usd_m": 3.18
      }
    },
    {
      "type": "Feature",
      "geometry": {
        "type": "LineString",
        "coordinates": [
          [
            4.496763287089976,
            52.69081954812957
          ],
          [
            6.304403302779369,
            52.1107580098526
          ]
        ]
      },
      "properties": {
        "source": "N0109",
        "target": "N0137",
        "trade_volume_usd_m": 9.58
      }
    },
    {
      "type": "Feature",
      "geometry": {
        "type": "LineString",
        "coordinates": [
          [
            4.496763287089976,
            52.69081954812957
          ],
          [
            6.260616058196607,
            51.73256948881928
          ]
        ]
      },
      "properties": {
        "source": "N0109",
        "target": "N0138",
        "trade_volume_usd_m": 6.62
      }
    },
    {
      "type": "Feature",
      "geometry": {
        "type": "LineString",
        "coordinates": [
          [
            -93.90167641770165,
            35.85237422123516
          ],
          [
            129.6088951696386,
            33.62217912360602
          ]
        ]
      },
      "properties": {
        "source": "N0110",
        "target": "N0046",
        "trade_volume_usd_m": 25.18
      }
    },
    {
      "type": "Feature",
      "geometry": {
        "type": "LineString",
        "coordinates": [
          [
            -93.90167641770165,
            35.85237422123516
          ],
          [
            -94.95883811853751,
            36.273551175224405
          ]
        ]
      },
      "properties": {
        "source": "N0110",
        "target": "N0079",
        "trade_volume_usd_m": 22.38
      }
    },
    {
      "type": "Feature",
      "geometry": {
        "type": "LineString",
        "coordinates": [
          [
            -93.90167641770165,
            35.85237422123516
          ],
          [
            -100.86650660360677,
            24.857615045632095
          ]
        ]
      },
      "properties": {
        "source": "N0110",
        "target": "N0096",
        "trade_volume_usd_m": 3.05
      }
    },
    {
      "type": "Feature",
      "geometry": {
        "type": "LineString",
        "coordinates": [
          [
            -93.90167641770165,
            35.85237422123516
          ],
          [
            -95.18782566211107,
            36.45637287813492
          ]
        ]
      },
      "properties": {
        "source": "N0110",
        "target": "N0133",
        "trade_volume_usd_m": 4.67
      }
    },
    {
      "type": "Feature",
      "geometry": {
        "type": "LineString",
        "coordinates": [
          [
            -93.90167641770165,
            35.85237422123516
          ],
          [
            -96.30867659074528,
            38.50310917367502
          ]
        ]
      },
      "properties": {
        "source": "N0110",
        "target": "N0134",
        "trade_volume_usd_m": 2.26
      }
    },
    {
      "type": "Feature",
      "geometry": {
        "type": "LineString",
        "coordinates": [
          [
            -94.29837444106607,
            36.97598748339532
          ],
          [
            -104.91539397495335,
            24.991367062220604
          ]
        ]
      },
      "properties": {
        "source": "N0111",
        "target": "N0070",
        "trade_volume_usd_m": 46.42
      }
    },
    {
      "type": "Feature",
      "geometry": {
        "type": "LineString",
        "coordinates": [
          [
            -94.29837444106607,
            36.97598748339532
          ],
          [
            109.78454385492614,
            13.53481702000372
          ]
        ]
      },
      "properties": {
        "source": "N0111",
        "target": "N0016",
        "trade_volume_usd_m": 22.19
      }
    },
    {
      "type": "Feature",
      "geometry": {
        "type": "LineString",
        "coordinates": [
          [
            8.936668360316046,
            50.42920815098298
          ],
          [
            105.39017144626017,
            36.89475124682949
          ]
        ]
      },
      "properties": {
        "source": "N0112",
        "target": "N0062",
        "trade_volume_usd_m": 48.67
      }
    },
    {
      "type": "Feature",
      "geometry": {
        "type": "LineString",
        "coordinates": [
          [
            8.936668360316046,
            50.42920815098298
          ],
          [
            106.30549333791937,
            36.93064741805601
          ]
        ]
      },
      "properties": {
        "source": "N0112",
        "target": "N0015",
        "trade_volume_usd_m": 30.64
      }
    },
    {
      "type": "Feature",
      "geometry": {
        "type": "LineString",
        "coordinates": [
          [
            8.936668360316046,
            50.42920815098298
          ],
          [
            -94.0226545895177,
            34.655839957774376
          ]
        ]
      },
      "properties": {
        "source": "N0112",
        "target": "N0003",
        "trade_volume_usd_m": 12.35
      }
    },
    {
      "type": "Feature",
      "geometry": {
        "type": "LineString",
        "coordinates": [
          [
            -100.96594576391539,
            23.803185202763885
          ],
          [
            107.43477073009504,
            15.152202387242582
          ]
        ]
      },
      "properties": {
        "source": "N0113",
        "target": "N0039",
        "trade_volume_usd_m": 27.77
      }
    },
    {
      "type": "Feature",
      "geometry": {
        "type": "LineString",
        "coordinates": [
          [
            80.4183595944106,
            18.946511303762218
          ],
          [
            -102.5148659202717,
            25.833106277119814
          ]
        ]
      },
      "properties": {
        "source": "N0114",
        "target": "N0052",
        "trade_volume_usd_m": 49.62
      }
    },
    {
      "type": "Feature",
      "geometry": {
        "type": "LineString",
        "coordinates": [
          [
            80.4183595944106,
            18.946511303762218
          ],
          [
            5.745497914656588,
            53.42115123143409
          ]
        ]
      },
      "properties": {
        "source": "N0114",
        "target": "N0011",
        "trade_volume_usd_m": 45.69
      }
    },
    {
      "type": "Feature",
      "geometry": {
        "type": "LineString",
        "coordinates": [
          [
            80.4183595944106,
            18.946511303762218
          ],
          [
            12.773164736545306,
            52.97318766558134
          ]
        ]
      },
      "properties": {
        "source": "N0114",
        "target": "N0028",
        "trade_volume_usd_m": 23.34
      }
    },
    {
      "type": "Feature",
      "geometry": {
        "type": "LineString",
        "coordinates": [
          [
            80.4183595944106,
            18.946511303762218
          ],
          [
            77.35278072278803,
            18.489506150436927
          ]
        ]
      },
      "properties": {
        "source": "N0114",
        "target": "N0132",
        "trade_volume_usd_m": 6.68
      }
    },
    {
      "type": "Feature",
      "geometry": {
        "type": "LineString",
        "coordinates": [
          [
            80.49025519581457,
            22.69883255636816
          ],
          [
            102.65401902925748,
            36.00813814154196
          ]
        ]
      },
      "properties": {
        "source": "N0115",
        "target": "N0082",
        "trade_volume_usd_m": 41.69
      }
    },
    {
      "type": "Feature",
      "geometry": {
        "type": "LineString",
        "coordinates": [
          [
            -54.392476399261454,
            -12.622506187232096
          ],
          [
            3.569989294691796,
            54.233061914938155
          ]
        ]
      },
      "properties": {
        "source": "N0116",
        "target": "N0091",
        "trade_volume_usd_m": 25.69
      }
    },
    {
      "type": "Feature",
      "geometry": {
        "type": "LineString",
        "coordinates": [
          [
            -54.392476399261454,
            -12.622506187232096
          ],
          [
            -54.20904969435228,
            -12.376164876858994
          ]
        ]
      },
      "properties": {
        "source": "N0116",
        "target": "N0037",
        "trade_volume_usd_m": 14.03
      }
    },
    {
      "type": "Feature",
      "geometry": {
        "type": "LineString",
        "coordinates": [
          [
            -54.392476399261454,
            -12.622506187232096
          ],
          [
            -51.19543193349108,
            -14.983552208475878
          ]
        ]
      },
      "properties": {
        "source": "N0116",
        "target": "N0127",
        "trade_volume_usd_m": 7.96
      }
    },
    {
      "type": "Feature",
      "geometry": {
        "type": "LineString",
        "coordinates": [
          [
            -54.392476399261454,
            -12.622506187232096
          ],
          [
            -52.625827071930075,
            -13.806934395428069
          ]
        ]
      },
      "properties": {
        "source": "N0116",
        "target": "N0128",
        "trade_volume_usd_m": 3.07
      }
    },
    {
      "type": "Feature",
      "geometry": {
        "type": "LineString",
        "coordinates": [
          [
            12.262772840271799,
            51.81303605150042
          ],
          [
            5.121252148483539,
            52.76670554505478
          ]
        ]
      },
      "properties": {
        "source": "N0117",
        "target": "N0060",
        "trade_volume_usd_m": 23.11
      }
    },
    {
      "type": "Feature",
      "geometry": {
        "type": "LineString",
        "coordinates": [
          [
            12.262772840271799,
            51.81303605150042
          ],
          [
            -95.34233823824357,
            38.748039651366774
          ]
        ]
      },
      "properties": {
        "source": "N0117",
        "target": "N0031",
        "trade_volume_usd_m": 7.66
      }
    },
    {
      "type": "Feature",
      "geometry": {
        "type": "LineString",
        "coordinates": [
          [
            12.262772840271799,
            51.81303605150042
          ],
          [
            9.522899001530376,
            50.24948122013516
          ]
        ]
      },
      "properties": {
        "source": "N0117",
        "target": "N0126",
        "trade_volume_usd_m": 5.01
      }
    },
    {
      "type": "Feature",
      "geometry": {
        "type": "LineString",
        "coordinates": [
          [
            103.05698516846667,
            33.60965926097665
          ],
          [
            12.262772840271799,
            51.81303605150042
          ]
        ]
      },
      "properties": {
        "source": "N0118",
        "target": "N0117",
        "trade_volume_usd_m": 30.17
      }
    },
    {
      "type": "Feature",
      "geometry": {
        "type": "LineString",
        "coordinates": [
          [
            103.05698516846667,
            33.60965926097665
          ],
          [
            102.33431643121634,
            33.63416794654896
          ]
        ]
      },
      "properties": {
        "source": "N0118",
        "target": "N0122",
        "trade_volume_usd_m": 1.33
      }
    },
    {
      "type": "Feature",
      "geometry": {
        "type": "LineString",
        "coordinates": [
          [
            103.05698516846667,
            33.60965926097665
          ],
          [
            102.04208344231594,
            33.98313117272531
          ]
        ]
      },
      "properties": {
        "source": "N0118",
        "target": "N0123",
        "trade_volume_usd_m": 4.03
      }
    },
    {
      "type": "Feature",
      "geometry": {
        "type": "LineString",
        "coordinates": [
          [
            127.90633089213341,
            34.752930556017496
          ],
          [
            8.936668360316046,
            50.42920815098298
          ]
        ]
      },
      "properties": {
        "source": "N0119",
        "target": "N0112",
        "trade_volume_usd_m": 3.96
      }
    },
    {
      "type": "Feature",
      "geometry": {
        "type": "LineString",
        "coordinates": [
          [
            127.90633089213341,
            34.752930556017496
          ],
          [
            106.37793360852261,
            35.583105280253804
          ]
        ]
      },
      "properties": {
        "source": "N0119",
        "target": "N0017",
        "trade_volume_usd_m": 38.75
      }
    },
    {
      "type": "Feature",
      "geometry": {
        "type": "LineString",
        "coordinates": [
          [
            127.90633089213341,
            34.752930556017496
          ],
          [
            -93.90167641770165,
            35.85237422123516
          ]
        ]
      },
      "properties": {
        "source": "N0119",
        "target": "N0110",
        "trade_volume_usd_m": 42.79
      }
    },
    {
      "type": "Feature",
      "geometry": {
        "type": "LineString",
        "coordinates": [
          [
            127.90633089213341,
            34.752930556017496
          ],
          [
            127.63450006526396,
            35.524920022002334
          ]
        ]
      },
      "properties": {
        "source": "N0119",
        "target": "N0120",
        "trade_volume_usd_m": 0.82
      }
    },
    {
      "type": "Feature",
      "geometry": {
        "type": "LineString",
        "coordinates": [
          [
            127.63450006526396,
            35.524920022002334
          ],
          [
            125.2790432486319,
            37.29248830361389
          ]
        ]
      },
      "properties": {
        "source": "N0120",
        "target": "N0121",
        "trade_volume_usd_m": 4.39
      }
    },
    {
      "type": "Feature",
      "geometry": {
        "type": "LineString",
        "coordinates": [
          [
            102.33431643121634,
            33.63416794654896
          ],
          [
            104.21060003377465,
            33.79064003867673
          ]
        ]
      },
      "properties": {
        "source": "N0122",
        "target": "N0125",
        "trade_volume_usd_m": 6.43
      }
    },
    {
      "type": "Feature",
      "geometry": {
        "type": "LineString",
        "coordinates": [
          [
            102.04208344231594,
            33.98313117272531
          ],
          [
            105.97224467369614,
            38.23346265587997
          ]
        ]
      },
      "properties": {
        "source": "N0123",
        "target": "N0124",
        "trade_volume_usd_m": 5.45
      }
    },
    {
      "type": "Feature",
      "geometry": {
        "type": "LineString",
        "coordinates": [
          [
            -51.19543193349108,
            -14.983552208475878
          ],
          [
            -52.52880968945873,
            -13.159785889869948
          ]
        ]
      },
      "properties": {
        "source": "N0127",
        "target": "N0131",
        "trade_volume_usd_m": 3.57
      }
    },
    {
      "type": "Feature",
      "geometry": {
        "type": "LineString",
        "coordinates": [
          [
            -52.625827071930075,
            -13.806934395428069
          ],
          [
            -52.78611848426239,
            -15.784589996784078
          ]
        ]
      },
      "properties": {
        "source": "N0128",
        "target": "N0129",
        "trade_volume_usd_m": 0.82
      }
    },
    {
      "type": "Feature",
      "geometry": {
        "type": "LineString",
        "coordinates": [
          [
            -52.625827071930075,
            -13.806934395428069
          ],
          [
            -51.652370281685556,
            -16.12122488082908
          ]
        ]
      },
      "properties": {
        "source": "N0128",
        "target": "N0130",
        "trade_volume_usd_m": 1.6
      }
    },
    {
      "type": "Feature",
      "geometry": {
        "type": "LineString",
        "coordinates": [
          [
            -95.18782566211107,
            36.45637287813492
          ],
          [
            -95.09536744987454,
            38.59580454779563
          ]
        ]
      },
      "properties": {
        "source": "N0133",
        "target": "N0135",
        "trade_volume_usd_m": 4.08
      }
    },
    {
      "type": "Feature",
      "geometry": {
        "type": "LineString",
        "coordinates": [
          [
            -95.18782566211107,
            36.45637287813492
          ],
          [
            -96.34789927857203,
            36.74796798665318
          ]
        ]
      },
      "properties": {
        "source": "N0133",
        "target": "N0136",
        "trade_volume_usd_m": 8.65
      }
    },
    {
      "type": "Feature",
      "geometry": {
        "type": "LineString",
        "coordinates": [
          [
            6.304403302779369,
            52.1107580098526
          ],
          [
            4.015416482189634,
            51.93419956214447
          ]
        ]
      },
      "properties": {
        "source": "N0137",
        "target": "N0139",
        "trade_volume_usd_m": 5.39
      }
    },
    {
      "type": "Feature",
      "geometry": {
        "type": "LineString",
        "coordinates": [
          [
            6.304403302779369,
            52.1107580098526
          ],
          [
            6.265845738869237,
            52.30918692045252
          ]
        ]
      },
      "properties": {
        "source": "N0137",
        "target": "N0140",
        "trade_volume_usd_m": 6.94
      }
    },
    {
      "type": "Feature",
      "geometry": {
        "type": "LineString",
        "coordinates": [
          [
            -102.92555727271584,
            21.48790498566394
          ],
          [
            -101.09541551804725,
            25.619270991052506
          ]
        ]
      },
      "properties": {
        "source": "N0141",
        "target": "N0144",
        "trade_volume_usd_m": 6.18
      }
    },
    {
      "type": "Feature",
      "geometry": {
        "type": "LineString",
        "coordinates": [
          [
            -100.65165356740003,
            23.25927528211347
          ],
          [
            -103.17882151570873,
            25.812420355288864
          ]
        ]
      },
      "properties": {
        "source": "N0142",
        "target": "N0143",
        "trade_volume_usd_m": 1.6
      }
    },
    {
      "type": "Feature",
      "geometry": {
        "type": "LineString",
        "coordinates": [
          [
            -49.993282499828204,
            -13.428551982872495
          ],
          [
            -51.09219211710135,
            -12.777653074546548
          ]
        ]
      },
      "properties": {
        "source": "N0147",
        "target": "N0148",
        "trade_volume_usd_m": 8.65
      }
    },
    {
      "type": "Feature",
      "geometry": {
        "type": "LineString",
        "coordinates": [
          [
            138.56921977296363,
            37.36867588156425
          ],
          [
            136.46759180113563,
            33.72450639283462
          ]
        ]
      },
      "properties": {
        "source": "N0149",
        "target": "N0151",
        "trade_volume_usd_m": 2.34
      }
    },
    {
      "type": "Feature",
      "geometry": {
        "type": "LineString",
        "coordinates": [
          [
            8.446497961104175,
            49.12899437980062
          ],
          [
            12.157677872937194,
            48.787436846400944
          ]
        ]
      },
      "properties": {
        "source": "N0153",
        "target": "N0155",
        "trade_volume_usd_m": 1.29
      }
    },
    {
      "type": "Feature",
      "geometry": {
        "type": "LineString",
        "coordinates": [
          [
            8.446497961104175,
            49.12899437980062
          ],
          [
            12.1697162700853,
            49.27641735887034
          ]
        ]
      },
      "properties": {
        "source": "N0153",
        "target": "N0156",
        "trade_volume_usd_m": 1.87
      }
    },
    {
      "type": "Feature",
      "geometry": {
        "type": "LineString",
        "coordinates": [
          [
            6.970909756435051,
            52.99767384715085
          ],
          [
            5.346628716327505,
            53.4670926888152
          ]
        ]
      },
      "properties": {
        "source": "N0157",
        "target": "N0160",
        "trade_volume_usd_m": 9.34
      }
    },
    {
      "type": "Feature",
      "geometry": {
        "type": "LineString",
        "coordinates": [
          [
            5.685382095105279,
            54.392056592274265
          ],
          [
            2.971346349278293,
            53.62373624804561
          ]
        ]
      },
      "properties": {
        "source": "N0158",
        "target": "N0159",
        "trade_volume_usd_m": 3.57
      }
    },
    {
      "type": "Feature",
      "geometry": {
        "type": "LineString",
        "coordinates": [
          [
            -52.80876566240852,
            -16.43430250860311
          ],
          [
            -50.28970334420585,
            -13.920113264157543
          ]
        ]
      },
      "properties": {
        "source": "N0163",
        "target": "N0164",
        "trade_volume_usd_m": 4.79
      }
    },
    {
      "type": "Feature",
      "geometry": {
        "type": "LineString",
        "coordinates": [
          [
            -53.53113779284161,
            -15.529369687499491
          ],
          [
            -52.446801702277185,
            -14.902643253823612
          ]
        ]
      },
      "properties": {
        "source": "N0165",
        "target": "N0168",
        "trade_volume_usd_m": 4.58
      }
    },
    {
      "type": "Feature",
      "geometry": {
        "type": "LineString",
        "coordinates": [
          [
            -53.53113779284161,
            -15.529369687499491
          ],
          [
            -52.33891174352488,
            -14.988577581471253
          ]
        ]
      },
      "properties": {
        "source": "N0165",
        "target": "N0169",
        "trade_volume_usd_m": 2.55
      }
    },
    {
      "type": "Feature",
      "geometry": {
        "type": "LineString",
        "coordinates": [
          [
            -51.35009509726937,
            -15.490169595549215
          ],
          [
            -52.461350253041985,
            -12.972283452800525
          ]
        ]
      },
      "properties": {
        "source": "N0166",
        "target": "N0167",
        "trade_volume_usd_m": 0.38
      }
    },
    {
      "type": "Feature",
      "geometry": {
        "type": "LineString",
        "coordinates": [
          [
            8.75310245660212,
            52.40704500373793
          ],
          [
            10.535460382907068,
            52.03927905395374
          ]
        ]
      },
      "properties": {
        "source": "N0172",
        "target": "N0174",
        "trade_volume_usd_m": 2.04
      }
    },
    {
      "type": "Feature",
      "geometry": {
        "type": "LineString",
        "coordinates": [
          [
            8.75310245660212,
            52.40704500373793
          ],
          [
            11.164765019754018,
            51.08860446170623
          ]
        ]
      },
      "properties": {
        "source": "N0172",
        "target": "N0175",
        "trade_volume_usd_m": 5.59
      }
    },
    {
      "type": "Feature",
      "geometry": {
        "type": "LineString",
        "coordinates": [
          [
            6.530774038564459,
            50.10930365420723
          ],
          [
            5.376269414078147,
            54.21307190606888
          ]
        ]
      },
      "properties": {
        "source": "N0177",
        "target": "N0178",
        "trade_volume_usd_m": 8.22
      }
    },
    {
      "type": "Feature",
      "geometry": {
        "type": "LineString",
        "coordinates": [
          [
            4.126786812247795,
            50.560555169891
          ],
          [
            5.718086575702514,
            50.62589918354732
          ]
        ]
      },
      "properties": {
        "source": "N0180",
        "target": "N0181",
        "trade_volume_usd_m": 2.3
      }
    },
    {
      "type": "Feature",
      "geometry": {
        "type": "LineString",
        "coordinates": [
          [
            4.126786812247795,
            50.560555169891
          ],
          [
            3.951525877248159,
            51.2042376422431
          ]
        ]
      },
      "properties": {
        "source": "N0180",
        "target": "N0182",
        "trade_volume_usd_m": 3.46
      }
    },
    {
      "type": "Feature",
      "geometry": {
        "type": "LineString",
        "coordinates": [
          [
            12.717127773893445,
            52.12566203959415
          ],
          [
            11.476666457030703,
            50.1493181669483
          ]
        ]
      },
      "properties": {
        "source": "N0183",
        "target": "N0184",
        "trade_volume_usd_m": 3.19
      }
    },
    {
      "type": "Feature",
      "geometry": {
        "type": "LineString",
        "coordinates": [
          [
            -100.78180263546952,
            23.196003404379823
          ],
          [
            -103.7141323980164,
            24.053241555085556
          ]
        ]
      },
      "properties": {
        "source": "N0185",
        "target": "N0186",
        "trade_volume_usd_m": 4.53
      }
    },
    {
      "type": "Feature",
      "geometry": {
        "type": "LineString",
        "coordinates": [
          [
            2.905623782131584,
            50.71802438926799
          ],
          [
            7.746089656708829,
            50.34805065193836
          ]
        ]
      },
      "properties": {
        "source": "N0187",
        "target": "N0191",
        "trade_volume_usd_m": 0.55
      }
    },
    {
      "type": "Feature",
      "geometry": {
        "type": "LineString",
        "coordinates": [
          [
            2.905623782131584,
            50.71802438926799
          ],
          [
            5.785003208732495,
            52.02794931193772
          ]
        ]
      },
      "properties": {
        "source": "N0187",
        "target": "N0192",
        "trade_volume_usd_m": 2.71
      }
    },
    {
      "type": "Feature",
      "geometry": {
        "type": "LineString",
        "coordinates": [
          [
            4.703750514411338,
            52.02744807795051
          ],
          [
            4.592351781682124,
            50.49123870946053
          ]
        ]
      },
      "properties": {
        "source": "N0188",
        "target": "N0189",
        "trade_volume_usd_m": 0.24
      }
    },
    {
      "type": "Feature",
      "geometry": {
        "type": "LineString",
        "coordinates": [
          [
            4.703750514411338,
            52.02744807795051
          ],
          [
            6.661022755794312,
            51.24021077940597
          ]
        ]
      },
      "properties": {
        "source": "N0188",
        "target": "N0190",
        "trade_volume_usd_m": 0.65
      }
    },
    {
      "type": "Feature",
      "geometry": {
        "type": "LineString",
        "coordinates": [
          [
            -100.8769413224699,
            23.470264789034314
          ],
          [
            -102.26439376369974,
            25.23807559834408
          ]
        ]
      },
      "properties": {
        "source": "N0193",
        "target": "N0194",
        "trade_volume_usd_m": 5.08
      }
    },
    {
      "type": "Feature",
      "geometry": {
        "type": "LineString",
        "coordinates": [
          [
            -100.8769413224699,
            23.470264789034314
          ],
          [
            -101.44645490525758,
            23.536496591597402
          ]
        ]
      },
      "properties": {
        "source": "N0193",
        "target": "N0195",
        "trade_volume_usd_m": 8.19
      }
    },
    {
      "type": "Feature",
      "geometry": {
        "type": "LineString",
        "coordinates": [
          [
            127.2713115474252,
            37.693244719637754
          ],
          [
            130.0635734770213,
            36.78675407786906
          ]
        ]
      },
      "properties": {
        "source": "N0196",
        "target": "N0200",
        "trade_volume_usd_m": 5.88
      }
    },
    {
      "type": "Feature",
      "geometry": {
        "type": "LineString",
        "coordinates": [
          [
            130.07129435829245,
            37.07794220663052
          ],
          [
            126.4180075452845,
            35.74697604056048
          ]
        ]
      },
      "properties": {
        "source": "N0197",
        "target": "N0198",
        "trade_volume_usd_m": 7.27
      }
    },
    {
      "type": "Feature",
      "geometry": {
        "type": "LineString",
        "coordinates": [
          [
            130.07129435829245,
            37.07794220663052
          ],
          [
            128.8584417883058,
            34.58389360995031
          ]
        ]
      },
      "properties": {
        "source": "N0197",
        "target": "N0199",
        "trade_volume_usd_m": 7.18
      }
    },
    {
      "type": "Feature",
      "geometry": {
        "type": "LineString",
        "coordinates": [
          [
            9.243115136678506,
            49.61811583965275
          ],
          [
            11.473671577689908,
            49.60592873297289
          ]
        ]
      },
      "properties": {
        "source": "N0202",
        "target": "N0203",
        "trade_volume_usd_m": 0.75
      }
    },
    {
      "type": "Feature",
      "geometry": {
        "type": "LineString",
        "coordinates": [
          [
            -100.72450530659324,
            22.40503965682199
          ],
          [
            -103.26669457657795,
            22.588816939448026
          ]
        ]
      },
      "properties": {
        "source": "N0205",
        "target": "N0209",
        "trade_volume_usd_m": 1.27
      }
    },
    {
      "type": "Feature",
      "geometry": {
        "type": "LineString",
        "coordinates": [
          [
            -100.72450530659324,
            22.40503965682199
          ],
          [
            -101.67246319142572,
            24.031500230062527
          ]
        ]
      },
      "properties": {
        "source": "N0205",
        "target": "N0210",
        "trade_volume_usd_m": 0.95
      }
    },
    {
      "type": "Feature",
      "geometry": {
        "type": "LineString",
        "coordinates": [
          [
            -102.9335235502214,
            22.697083790274974
          ],
          [
            -104.620372919814,
            24.77484216268724
          ]
        ]
      },
      "properties": {
        "source": "N0206",
        "target": "N0207",
        "trade_volume_usd_m": 0.7
      }
    },
    {
      "type": "Feature",
      "geometry": {
        "type": "LineString",
        "coordinates": [
          [
            -102.9335235502214,
            22.697083790274974
          ],
          [
            -100.88035428398284,
            21.593211658007494
          ]
        ]
      },
      "properties": {
        "source": "N0206",
        "target": "N0208",
        "trade_volume_usd_m": 6.79
      }
    },
    {
      "type": "Feature",
      "geometry": {
        "type": "LineString",
        "coordinates": [
          [
            -51.50447302556152,
            -15.689518664020916
          ],
          [
            -52.47540000388677,
            -11.963313477263489
          ]
        ]
      },
      "properties": {
        "source": "N0213",
        "target": "N0214",
        "trade_volume_usd_m": 6.85
      }
    },
    {
      "type": "Feature",
      "geometry": {
        "type": "LineString",
        "coordinates": [
          [
            106.13594506112798,
            33.92264502698254
          ],
          [
            105.48661664018078,
            37.222096233980096
          ]
        ]
      },
      "properties": {
        "source": "N0217",
        "target": "N0220",
        "trade_volume_usd_m": 7.87
      }
    },
    {
      "type": "Feature",
      "geometry": {
        "type": "LineString",
        "coordinates": [
          [
            106.13594506112798,
            33.92264502698254
          ],
          [
            105.07943597398574,
            34.83767013545713
          ]
        ]
      },
      "properties": {
        "source": "N0217",
        "target": "N0221",
        "trade_volume_usd_m": 6.35
      }
    },
    {
      "type": "Feature",
      "geometry": {
        "type": "LineString",
        "coordinates": [
          [
            102.18452826319965,
            37.90381001185359
          ],
          [
            103.57111704343663,
            38.06643772559995
          ]
        ]
      },
      "properties": {
        "source": "N0218",
        "target": "N0219",
        "trade_volume_usd_m": 1.57
      }
    },
    {
      "type": "Feature",
      "geometry": {
        "type": "LineString",
        "coordinates": [
          [
            6.820275002768274,
            52.9003918570362
          ],
          [
            6.560948460118813,
            50.95795870703332
          ]
        ]
      },
      "properties": {
        "source": "N0222",
        "target": "N0223",
        "trade_volume_usd_m": 9.28
      }
    },
    {
      "type": "Feature",
      "geometry": {
        "type": "LineString",
        "coordinates": [
          [
            6.820275002768274,
            52.9003918570362
          ],
          [
            6.154125250505183,
            54.436631816123814
          ]
        ]
      },
      "properties": {
        "source": "N0222",
        "target": "N0224",
        "trade_volume_usd_m": 2.89
      }
    },
    {
      "type": "Feature",
      "geometry": {
        "type": "LineString",
        "coordinates": [
          [
            -94.81728079349197,
            38.180466540099076
          ],
          [
            -97.30010106154403,
            37.42195710712163
          ]
        ]
      },
      "properties": {
        "source": "N0227",
        "target": "N0228",
        "trade_volume_usd_m": 2.66
      }
    },
    {
      "type": "Feature",
      "geometry": {
        "type": "LineString",
        "coordinates": [
          [
            5.944422199336511,
            52.85833902128784
          ],
          [
            3.496921254128608,
            54.28922041087528
          ]
        ]
      },
      "properties": {
        "source": "N0229",
        "target": "N0232",
        "trade_volume_usd_m": 4.31
      }
    },
    {
      "type": "Feature",
      "geometry": {
        "type": "LineString",
        "coordinates": [
          [
            5.944422199336511,
            52.85833902128784
          ],
          [
            6.392386848985733,
            51.287649563438364
          ]
        ]
      },
      "properties": {
        "source": "N0229",
        "target": "N0233",
        "trade_volume_usd_m": 4.95
      }
    },
    {
      "type": "Feature",
      "geometry": {
        "type": "LineString",
        "coordinates": [
          [
            7.239596253036803,
            50.525522101625036
          ],
          [
            3.405654107489281,
            52.90685655855528
          ]
        ]
      },
      "properties": {
        "source": "N0230",
        "target": "N0231",
        "trade_volume_usd_m": 2.56
      }
    },
    {
      "type": "Feature",
      "geometry": {
        "type": "LineString",
        "coordinates": [
          [
            138.52461913602673,
            36.68716397658503
          ],
          [
            136.63190614079934,
            35.262213628821506
          ]
        ]
      },
      "properties": {
        "source": "N0234",
        "target": "N0236",
        "trade_volume_usd_m": 2.4
      }
    },
    {
      "type": "Feature",
      "geometry": {
        "type": "LineString",
        "coordinates": [
          [
            6.36917719264466,
            49.97298137230504
          ],
          [
            5.505675628776024,
            53.40240220284947
          ]
        ]
      },
      "properties": {
        "source": "N0237",
        "target": "N0238",
        "trade_volume_usd_m": 2.31
      }
    },
    {
      "type": "Feature",
      "geometry": {
        "type": "LineString",
        "coordinates": [
          [
            6.36917719264466,
            49.97298137230504
          ],
          [
            4.586111728990623,
            53.328193557256995
          ]
        ]
      },
      "properties": {
        "source": "N0237",
        "target": "N0239",
        "trade_volume_usd_m": 9.96
      }
    },
    {
      "type": "Feature",
      "geometry": {
        "type": "LineString",
        "coordinates": [
          [
            127.18689841648462,
            34.739230340974146
          ],
          [
            125.48055413330715,
            37.77270092191263
          ]
        ]
      },
      "properties": {
        "source": "N0240",
        "target": "N0241",
        "trade_volume_usd_m": 5.03
      }
    },
    {
      "type": "Feature",
      "geometry": {
        "type": "LineString",
        "coordinates": [
          [
            127.18689841648462,
            34.739230340974146
          ],
          [
            126.50598146049104,
            35.93355896947041
          ]
        ]
      },
      "properties": {
        "source": "N0240",
        "target": "N0242",
        "trade_volume_usd_m": 2.36
      }
    },
    {
      "type": "Feature",
      "geometry": {
        "type": "LineString",
        "coordinates": [
          [
            -103.27945315855561,
            24.97450690875654
          ],
          [
            -100.81558161543182,
            22.894422822669362
          ]
        ]
      },
      "properties": {
        "source": "N0243",
        "target": "N0246",
        "trade_volume_usd_m": 3.02
      }
    },
    {
      "type": "Feature",
      "geometry": {
        "type": "LineString",
        "coordinates": [
          [
            -103.03330569832653,
            22.79431318763805
          ],
          [
            -101.1914480928619,
            23.837490615887784
          ]
        ]
      },
      "properties": {
        "source": "N0244",
        "target": "N0245",
        "trade_volume_usd_m": 3.19
      }
    },
    {
      "type": "Feature",
      "geometry": {
        "type": "LineString",
        "coordinates": [
          [
            126.622437570323,
            33.97065440742606
          ],
          [
            125.83342387811685,
            33.90824352120912
          ]
        ]
      },
      "properties": {
        "source": "N0247",
        "target": "N0248",
        "trade_volume_usd_m": 9.74
      }
    },
    {
      "type": "Feature",
      "geometry": {
        "type": "LineString",
        "coordinates": [
          [
            126.622437570323,
            33.97065440742606
          ],
          [
            128.90644663662064,
            37.30491531662443
          ]
        ]
      },
      "properties": {
        "source": "N0247",
        "target": "N0249",
        "trade_volume_usd_m": 1.92
      }
    },
    {
      "type": "Feature",
      "geometry": {
        "type": "LineString",
        "coordinates": [
          [
            80.1765872525865,
            20.17327668421526
          ],
          [
            77.42819224002659,
            20.08209711693956
          ]
        ]
      },
      "properties": {
        "source": "N0251",
        "target": "N0254",
        "trade_volume_usd_m": 5.46
      }
    },
    {
      "type": "Feature",
      "geometry": {
        "type": "LineString",
        "coordinates": [
          [
            80.20350209267721,
            22.168740886725857
          ],
          [
            77.1923557831169,
            21.049581487174855
          ]
        ]
      },
      "properties": {
        "source": "N0252",
        "target": "N0253",
        "trade_volume_usd_m": 8.23
      }
    },
    {
      "type": "Feature",
      "geometry": {
        "type": "LineString",
        "coordinates": [
          [
            -102.20815897364584,
            23.76800606766087
          ],
          [
            -104.8995627253392,
            25.038314715810763
          ]
        ]
      },
      "properties": {
        "source": "N0255",
        "target": "N0257",
        "trade_volume_usd_m": 3.42
      }
    },
    {
      "type": "Feature",
      "geometry": {
        "type": "LineString",
        "coordinates": [
          [
            77.95701762555919,
            21.52315067540641
          ],
          [
            80.09417191930264,
            21.0968198662432
          ]
        ]
      },
      "properties": {
        "source": "N0262",
        "target": "N0264",
        "trade_volume_usd_m": 8.85
      }
    },
    {
      "type": "Feature",
      "geometry": {
        "type": "LineString",
        "coordinates": [
          [
            77.95701762555919,
            21.52315067540641
          ],
          [
            80.31228241816028,
            18.101864457558197
          ]
        ]
      },
      "properties": {
        "source": "N0262",
        "target": "N0265",
        "trade_volume_usd_m": 2.16
      }
    },
    {
      "type": "Feature",
      "geometry": {
        "type": "LineString",
        "coordinates": [
          [
            -95.75063728551909,
            37.899687831766755
          ],
          [
            -95.90733275477189,
            37.20819845531211
          ]
        ]
      },
      "properties": {
        "source": "N0266",
        "target": "N0267",
        "trade_volume_usd_m": 5.71
      }
    },
    {
      "type": "Feature",
      "geometry": {
        "type": "LineString",
        "coordinates": [
          [
            138.3977395822067,
            34.66718209915429
          ],
          [
            138.25223520867706,
            33.88531131791781
          ]
        ]
      },
      "properties": {
        "source": "N0268",
        "target": "N0269",
        "trade_volume_usd_m": 9.93
      }
    },
    {
      "type": "Feature",
      "geometry": {
        "type": "LineString",
        "coordinates": [
          [
            138.3977395822067,
            34.66718209915429
          ],
          [
            137.9711112123569,
            36.92979174355904
          ]
        ]
      },
      "properties": {
        "source": "N0268",
        "target": "N0270",
        "trade_volume_usd_m": 1.1
      }
    },
    {
      "type": "Feature",
      "geometry": {
        "type": "LineString",
        "coordinates": [
          [
            81.2551093933549,
            20.92002273303468
          ],
          [
            77.13793892574459,
            22.55025182130222
          ]
        ]
      },
      "properties": {
        "source": "N0271",
        "target": "N0272",
        "trade_volume_usd_m": 1.98
      }
    },
    {
      "type": "Feature",
      "geometry": {
        "type": "LineString",
        "coordinates": [
          [
            81.2551093933549,
            20.92002273303468
          ],
          [
            79.57638947291406,
            22.051878310469363
          ]
        ]
      },
      "properties": {
        "source": "N0271",
        "target": "N0273",
        "trade_volume_usd_m": 3.79
      }
    },
    {
      "type": "Feature",
      "geometry": {
        "type": "LineString",
        "coordinates": [
          [
            -97.82081841965771,
            35.757068947328406
          ],
          [
            -93.56088712946934,
            37.28440013985709
          ]
        ]
      },
      "properties": {
        "source": "N0275",
        "target": "N0276",
        "trade_volume_usd_m": 6.55
      }
    },
    {
      "type": "Feature",
      "geometry": {
        "type": "LineString",
        "coordinates": [
          [
            -97.82081841965771,
            35.757068947328406
          ],
          [
            -93.85744620234506,
            36.20558759690625
          ]
        ]
      },
      "properties": {
        "source": "N0275",
        "target": "N0277",
        "trade_volume_usd_m": 4.15
      }
    },
    {
      "type": "Feature",
      "geometry": {
        "type": "LineString",
        "coordinates": [
          [
            77.13178335340749,
            21.563298575483905
          ],
          [
            79.46562962052774,
            22.381456074978917
          ]
        ]
      },
      "properties": {
        "source": "N0278",
        "target": "N0279",
        "trade_volume_usd_m": 4.04
      }
    },
    {
      "type": "Feature",
      "geometry": {
        "type": "LineString",
        "coordinates": [
          [
            128.8497606065859,
            38.04487878568337
          ],
          [
            126.98796433619619,
            37.108598257978876
          ]
        ]
      },
      "properties": {
        "source": "N0280",
        "target": "N0281",
        "trade_volume_usd_m": 4.11
      }
    },
    {
      "type": "Feature",
      "geometry": {
        "type": "LineString",
        "coordinates": [
          [
            128.8497606065859,
            38.04487878568337
          ],
          [
            129.928699820315,
            37.44340154160123
          ]
        ]
      },
      "properties": {
        "source": "N0280",
        "target": "N0282",
        "trade_volume_usd_m": 4.3
      }
    },
    {
      "type": "Feature",
      "geometry": {
        "type": "LineString",
        "coordinates": [
          [
            127.45512358885378,
            37.717299971579706
          ],
          [
            125.48350780161009,
            33.95561070303946
          ]
        ]
      },
      "properties": {
        "source": "N0283",
        "target": "N0285",
        "trade_volume_usd_m": 1.7
      }
    },
    {
      "type": "Feature",
      "geometry": {
        "type": "LineString",
        "coordinates": [
          [
            10.435700192797164,
            49.47411130158209
          ],
          [
            10.637178472123507,
            52.16638987585846
          ]
        ]
      },
      "properties": {
        "source": "N0287",
        "target": "N0288",
        "trade_volume_usd_m": 7.15
      }
    },
    {
      "type": "Feature",
      "geometry": {
        "type": "LineString",
        "coordinates": [
          [
            -49.932943581445514,
            -15.83705469551027
          ],
          [
            -51.78334424817827,
            -14.885134059796282
          ]
        ]
      },
      "properties": {
        "source": "N0292",
        "target": "N0294",
        "trade_volume_usd_m": 8.12
      }
    },
    {
      "type": "Feature",
      "geometry": {
        "type": "LineString",
        "coordinates": [
          [
            -49.932943581445514,
            -15.83705469551027
          ],
          [
            -53.31076506667857,
            -13.757629094354465
          ]
        ]
      },
      "properties": {
        "source": "N0292",
        "target": "N0295",
        "trade_volume_usd_m": 4.36
      }
    },
    {
      "type": "Feature",
      "geometry": {
        "type": "LineString",
        "coordinates": [
          [
            106.49738585291074,
            15.475901309610535
          ],
          [
            106.75649768587547,
            13.85993874333134
          ]
        ]
      },
      "properties": {
        "source": "N0297",
        "target": "N0298",
        "trade_volume_usd_m": 9.82
      }
    },
    {
      "type": "Feature",
      "geometry": {
        "type": "LineString",
        "coordinates": [
          [
            136.6038195708591,
            34.74643710040402
          ],
          [
            136.5913790776103,
            35.71873628436225
          ]
        ]
      },
      "properties": {
        "source": "N0299",
        "target": "N0300",
        "trade_volume_usd_m": 5.07
      }
    },
    {
      "type": "Feature",
      "geometry": {
        "type": "LineString",
        "coordinates": [
          [
            136.6038195708591,
            34.74643710040402
          ],
          [
            136.3003467697159,
            33.83741318655233
          ]
        ]
      },
      "properties": {
        "source": "N0299",
        "target": "N0301",
        "trade_volume_usd_m": 6.2
      }
    },
    {
      "type": "Feature",
      "geometry": {
        "type": "LineString",
        "coordinates": [
          [
            127.7213757297695,
            34.25116460542159
          ],
          [
            125.3821433229412,
            33.708588717042936
          ]
        ]
      },
      "properties": {
        "source": "N0302",
        "target": "N0303",
        "trade_volume_usd_m": 2.72
      }
    },
    {
      "type": "Feature",
      "geometry": {
        "type": "LineString",
        "coordinates": [
          [
            127.7213757297695,
            34.25116460542159
          ],
          [
            127.3087148496821,
            35.65011508069397
          ]
        ]
      },
      "properties": {
        "source": "N0302",
        "target": "N0304",
        "trade_volume_usd_m": 3.66
      }
    },
    {
      "type": "Feature",
      "geometry": {
        "type": "LineString",
        "coordinates": [
          [
            106.52763334673193,
            33.493315917438025
          ],
          [
            102.17135429043638,
            34.454552436529205
          ]
        ]
      },
      "properties": {
        "source": "N0307",
        "target": "N0308",
        "trade_volume_usd_m": 7.5
      }
    },
    {
      "type": "Feature",
      "geometry": {
        "type": "LineString",
        "coordinates": [
          [
            106.52763334673193,
            33.493315917438025
          ],
          [
            102.52379569608637,
            35.73292998249249
          ]
        ]
      },
      "properties": {
        "source": "N0307",
        "target": "N0309",
        "trade_volume_usd_m": 4.38
      }
    },
    {
      "type": "Feature",
      "geometry": {
        "type": "LineString",
        "coordinates": [
          [
            -52.69820455816806,
            -13.627741866851245
          ],
          [
            -54.17054393144468,
            -16.120272045939615
          ]
        ]
      },
      "properties": {
        "source": "N0310",
        "target": "N0311",
        "trade_volume_usd_m": 4.19
      }
    },
    {
      "type": "Feature",
      "geometry": {
        "type": "LineString",
        "coordinates": [
          [
            -53.054555804532484,
            -13.101618738964037
          ],
          [
            -52.92725922612213,
            -12.075405693886262
          ]
        ]
      },
      "properties": {
        "source": "N0312",
        "target": "N0314",
        "trade_volume_usd_m": 8.23
      }
    },
    {
      "type": "Feature",
      "geometry": {
        "type": "LineString",
        "coordinates": [
          [
            -53.054555804532484,
            -13.101618738964037
          ],
          [
            -53.10092922217722,
            -15.49013613845697
          ]
        ]
      },
      "properties": {
        "source": "N0312",
        "target": "N0315",
        "trade_volume_usd_m": 5.22
      }
    },
    {
      "type": "Feature",
      "geometry": {
        "type": "LineString",
        "coordinates": [
          [
            -95.06448016998174,
            38.66334638152124
          ],
          [
            -97.74142061618265,
            36.31369570721106
          ]
        ]
      },
      "properties": {
        "source": "N0316",
        "target": "N0317",
        "trade_volume_usd_m": 6.6
      }
    },
    {
      "type": "Feature",
      "geometry": {
        "type": "LineString",
        "coordinates": [
          [
            7.63633680766018,
            53.04199317706348
          ],
          [
            3.242672169323069,
            49.78150851312401
          ]
        ]
      },
      "properties": {
        "source": "N0318",
        "target": "N0320",
        "trade_volume_usd_m": 1.14
      }
    },
    {
      "type": "Feature",
      "geometry": {
        "type": "LineString",
        "coordinates": [
          [
            7.63633680766018,
            53.04199317706348
          ],
          [
            2.9730299750658022,
            50.481669740044815
          ]
        ]
      },
      "properties": {
        "source": "N0318",
        "target": "N0321",
        "trade_volume_usd_m": 8.92
      }
    },
    {
      "type": "Feature",
      "geometry": {
        "type": "LineString",
        "coordinates": [
          [
            102.70344258918854,
            37.861504239858824
          ],
          [
            104.0843894653016,
            38.22923604299912
          ]
        ]
      },
      "properties": {
        "source": "N0323",
        "target": "N0324",
        "trade_volume_usd_m": 3.34
      }
    }
  ]
}